,scity,scityen,sna,sarea,ar,snaen,sareaen,aren,sno,tot,sbi,mday,lat,lng,bemp,act,sbi_detail
325,台中市,Taichung City,YouBike2.0_捷運文心櫻花站,西屯區,文心路三段107之17號旁,YouBike2.0_TMRT Wenxin Yinghua Sta.,Xitun Dist,"No.107-17, Sec. 3, Wenxin Rd.",500606001,40,17,20241224171017,24.16802,120.65394,23,1,"{'yb2': '16', 'eyb': '1'}"
326,台中市,Taichung City,YouBike2.0_捷運市府站(出口1),西屯區,文心路二段/台灣大道二段口(西北側),YouBike2.0_TMRT Taichung City Hall  Sta. (Exit 1),Xitun Dist,"Sec. 2, Wenxin Rd. & Sec. 2, Taiwan Blvd. Intersection (Northwest)",500606002,61,25,20241224171017,24.16241,120.64912,35,1,"{'yb2': '25', 'eyb': '0'}"
327,台中市,Taichung City,YouBike2.0_捷運市府站(出口2),西屯區,大墩二十街口/文心路二段口(東北側),YouBike2.0_TMRT Taichung City Hall  Sta. (Exit 2),Xitun Dist,"Dadun 20th St. & Sec.2 , Wemxin Rd.  Intersection (Northeast)",500606003,44,32,20241224171017,24.16146,120.64933,12,1,"{'yb2': '32', 'eyb': '0'}"
328,台中市,Taichung City,YouBike2.0_大有公園,西屯區,太原路一段/大有二街口(西北側),YouBike2.0_Dayou Park,Xitun Dist,"Sec. 1, Taiyuan Rd. & Dayou 2nd St. Intersection (Northwest)",500606004,15,3,20241224171017,24.15983,120.65869,11,1,"{'yb2': '3', 'eyb': '0'}"
329,台中市,Taichung City,YouBike2.0_大隆文心路口(東南側),西屯區,大隆路/文心路二段口(東南側),YouBike2.0_Galong Rd. / Wenxin Rd. (Southeast),Xitun Dist,"Dalong Rd. & Sec. 2, Wenxin Rd. Intersection (Southeast)",500606005,30,9,20241224171017,24.1591,120.64794,21,1,"{'yb2': '9', 'eyb': '0'}"
330,台中市,Taichung City,YouBike2.0_臺灣大道文心路口(西北側),西屯區,台灣大道三段/文心路二段口(西北側),YouBike2.0_Taiwan Blvd. / Wenxin Rd. (Northwest),Xitun Dist,Taiwan Blvd. / Wenxin Rd. (Northwest),500606006,30,9,20241224171017,24.16300,120.64945,21,1,"{'yb2': '9', 'eyb': '0'}"
331,台中市,Taichung City,YouBike2.0_惠來國小(洛陽東街),西屯區,洛陽路/洛陽東街口(西南側),YouBike2.0_Hui Lai Elementary School (Luoyang E. St.),Xitun Dist,Luoyang Rd. & Luoyang E. St. Intersection (Southwest),500606007,13,1,20241224165018,24.16495,120.65018,12,1,"{'yb2': '1', 'eyb': '0'}"
332,台中市,Taichung City,YouBike2.0_甘肅公園,西屯區,甘肅路一段203號(對側人行道),YouBike2.0_Gansu Park,Xitun Dist,"No. 203, Section 1, Gansu Rd. (Opposite)",500606008,18,6,20241224170616,24.16889,120.65671,12,1,"{'yb2': '6', 'eyb': '0'}"
333,台中市,Taichung City,YouBike2.0_幸福兒童公園,西屯區,櫻城一街85號(東南側),YouBike2.0_Xingfu Children's Park,Xitun Dist,"No. 85, Yingcheng 1st St. (Southeast)",500606009,19,3,20241224171017,24.17233,120.65211,16,1,"{'yb2': '3', 'eyb': '0'}"
334,台中市,Taichung City,YouBike2.0_逢甲公園,西屯區,逢甲路239號(對側人行道),YouBike2.0_Fengjia Park,Xitun Dist,"No. 239, Fengjia Rd. (Opposite)",500606010,24,1,20241224171017,24.17632,120.64074,23,1,"{'yb2': '1', 'eyb': '0'}"
335,台中市,Taichung City,YouBike2.0_中平經貿路口,西屯區,中平路/經貿路(北側),YouBike2.0_Zhongping Rd. / Jingmao Rd.,Xitun Dist,Zhongping Rd. & Jingmao Rd. (North),500606012,20,1,20241224170717,24.17644,120.65906,19,1,"{'yb2': '1', 'eyb': '0'}"
336,台中市,Taichung City,YouBike2.0_皇城帝寶,西屯區,皇城街50號,YouBike2.0_Huangcheng Dibao,Xitun Dist,"No. 50, Huangcheng St.",500606013,20,2,20241224165915,24.17382,120.66149,18,1,"{'yb2': '2', 'eyb': '0'}"
337,台中市,Taichung City,YouBike2.0_大容公園,西屯區,大墩十七街/大容東一街口(東北側),YouBike2.0_Darong Park,Xitun Dist,Dadun 17th St. & Darong East 1st St. Intersection (Northeast),500606014,20,6,20241224170518,24.15566,120.64832,14,1,"{'yb2': '6', 'eyb': '0'}"
338,台中市,Taichung City,YouBike2.0_東興立體停車場,西屯區,東興路三段/大墩十九街口(南側),YouBike2.0_Dongxing Parking Tower,Xitun Dist,"Sec. 3, Dongxing Rd. & Dadun 19th St. Intersection (South)",500606015,17,2,20241224170917,24.1566,120.6545,15,1,"{'yb2': '2', 'eyb': '0'}"
339,台中市,Taichung City,YouBike2.0_惠泰公園,西屯區,黎明路三段/市政北二路口(南側),YouBike2.0_Huitai Park,Xitun Dist,"Sec. 3, Liming Rd. & Shizheng N. 2nd Rd. Intersection (South)",500606016,12,8,20241224165417,24.16467,120.63461,4,1,"{'yb2': '8', 'eyb': '0'}"
340,台中市,Taichung City,YouBike2.0_福星公園(弘孝路),西屯區,弘孝路/櫻花路口(東北側),YouBike2.0_Fuxing Park (Hongxiao Rd.),Xitun Dist,Hongxiao Rd. & Yinghua Rd. Intersection (Northeast),500606017,21,2,20241224170816,24.17186,120.64955,19,1,"{'yb2': '2', 'eyb': '0'}"
341,台中市,Taichung City,YouBike2.0_青海上石路口,西屯區,青海路二段207-18號前人行道,YouBike2.0_Qinghai Rd. / Shangshi Rd.,Xitun Dist,"No.207-18, Sec. 2, Qinghai Rd.",500606018,33,10,20241224171017,24.1705,120.64518,23,1,"{'yb2': '10', 'eyb': '0'}"
342,台中市,Taichung City,YouBike2.0_秋紅谷(河南路),西屯區,河南路三段/市政北七路口(西北側),YouBike2.0_Maple Garden (Henan Rd.),Xitun Dist,"Sec. 3, Henan Rd. & Shizheng N. 7th Rd. (Northwest)",500606019,28,11,20241224170917,24.16614,120.63961,11,1,"{'yb2': '11', 'eyb': '0'}"
343,台中市,Taichung City,YouBike2.0_逢甲福星路口,西屯區,逢甲路/福星路口(西南側),YouBike2.0_Fengjia Rd. / Fuxing Rd.,Xitun Dist,Fengjia Rd. & Fuxing Rd. Intersection (Southwest),500606020,99,13,20241224170917,24.17876,120.64487,86,1,"{'yb2': '13', 'eyb': '0'}"
344,台中市,Taichung City,YouBike2.0_臺灣大道河南路口(西北側),西屯區,台灣大道三段/河南路二段口(西北側),YouBike2.0_Taiwan Blvd. / Henan Rd.  (Northwest),Xitun Dist,"Sec. 3, Taiwan Blvd. & Sec. 2, Henan Rd. Intersection (Northwest)",500606021,20,14,20241224171017,24.16799,120.641,6,1,"{'yb2': '14', 'eyb': '0'}"
345,台中市,Taichung City,YouBike2.0_臺中市政府(惠中路),西屯區,惠中路一段6號,YouBike2.0_Taichung City Government (Huizhong Rd.),Xitun Dist,"No.6, Sec. 1, Huizhong Rd.",500606022,42,21,20241224170917,24.16303,120.64574,18,1,"{'yb2': '20', 'eyb': '1'}"
346,台中市,Taichung City,YouBike2.0_公51停車場,西屯區,甘肅路二段/福上巷口(西北側),YouBike2.0_Gong 51 Parking,Xitun Dist,"Sec. 2, Gansu Rd. & Fushang Ln. Intersection (Northwest)",500606023,15,11,20241224170616,24.17509,120.65522,4,1,"{'yb2': '11', 'eyb': '0'}"
347,台中市,Taichung City,YouBike2.0_漢口立體停車場,西屯區,漢口路二段/寧夏路口(北側),YouBike2.0_Hankou Parking Tower,Xitun Dist,"Sec. 2, Hankou Rd. & Ningxia Rd. Intersection (North)",500606024,18,6,20241224170315,24.16547,120.66217,12,1,"{'yb2': '6', 'eyb': '0'}"
348,台中市,Taichung City,YouBike2.0_市政公園(市政北三路),西屯區,市政北三路/文心路二段(北側),YouBike2.0_Shizheng Park (Shizheng N. 3rd Rd.),Xitun Dist,"Shizheng N. 3rd Rd. & Sec. 2, Wenxin Rd. Intersection (North)",500606025,20,4,20241224170917,24.15897,120.64684,16,1,"{'yb2': '4', 'eyb': '0'}"
349,台中市,Taichung City,YouBike2.0_文心四川路口,西屯區,文心路三段/四川路口(東南側),YouBike2.0_Wenxin Rd. / Sichuan Rd.,Xitun Dist,"Sec. 3, Wenxin Rd. & Sichuan Rd. Intersection (Southeast)",500606026,15,0,20241224165616,24.16406,120.65073,15,1,"{'yb2': '0', 'eyb': '0'}"
350,台中市,Taichung City,YouBike2.0_長安公園,西屯區,長安路一段41-1號(西南側),YouBike2.0_Changan Park,Xitun Dist,"No.41-1, Sec. 1, Chang'an Rd. (Southwest)",500606027,17,1,20241224171017,24.17021,120.65429,16,1,"{'yb2': '0', 'eyb': '1'}"
351,台中市,Taichung City,YouBike2.0_文心華美西街口(東南側),西屯區,文心路三段/華美西街二段(東南側),YouBike2.0_Wenxin Rd. / Huamei W. St. (Northwest),Xitun Dist,"Sec. 3, Wenxin Rd. & Sec. 2, Huamei W. St. Intersection (Southeast)",500606029,15,4,20241224170518,24.17301,120.66744,11,1,"{'yb2': '4', 'eyb': '0'}"
352,台中市,Taichung City,YouBike2.0_中央公園(遊客服務中心),西屯區,中科路2966號(前人行道),YouBike2.0_Taichung Central Park (Visitor Center),Xitun Dist,"No.2966, Zhongke Rd.",500606030,40,12,20241224163116,24.17987,120.65571,28,1,"{'yb2': '12', 'eyb': '0'}"
353,台中市,Taichung City,YouBike2.0_敦化凱旋路口,西屯區,敦化路/凱旋路口(西北側),YouBike2.0_Dunhua Rd. / Kaixuan Rd.,Xitun Dist,Dunhua Rd. & Kaixuan Rd. (Northwest),500606031,20,5,20241224163315,24.18546,120.65255,15,1,"{'yb2': '5', 'eyb': '0'}"
354,台中市,Taichung City,YouBike2.0_自我體驗區(僑大八街),西屯區,經貿九路138號(僑大八街),YouBike2.0_The Ego Field (Qiaoda 8th St.),Xitun Dist,"No.138, Jingmao 9th Rd. (Qiaoda 8th St.)",500606032,20,1,20241224161915,24.18968,120.65201,18,1,"{'yb2': '1', 'eyb': '0'}"
355,台中市,Taichung City,YouBike2.0_觸覺體驗區(經貿五路),西屯區,經貿九路138號(經貿五路),YouBike2.0_The Touch Field (Jingmao 5th Rd.),Xitun Dist,The Touch Field (Jingmao 5th Rd.),500606033,20,13,20241224165718,24.19062,120.65487,7,1,"{'yb2': '12', 'eyb': '1'}"
356,台中市,Taichung City,YouBike2.0_港隆經貿九路口,西屯區,港隆街/經貿九路口(東側),YouBike2.0_Ganglong St./ Jingmao 9th Rd.,Xitun Dist,Ganglong St. & Jingmao 9th Rd. Intersection (East),500606034,20,4,20241224142116,24.19475,120.65,16,1,"{'yb2': '4', 'eyb': '0'}"
357,台中市,Taichung City,YouBike2.0_惠順停車場(河南路),西屯區,河南路三段/市政北六路口(南側),YouBike2.0_Huishun Parking Lot (Henan Rd.),Xitun Dist,"Sec. 3, Henan Rd. & Shizheng N. 6th Rd. Intersection (West)",500606035,30,10,20241224171017,24.164743,120.639143,17,1,"{'yb2': '10', 'eyb': '0'}"
358,台中市,Taichung City,YouBike2.0_文華高中(文心路),西屯區,文心路三段187號(對側人行道),YouBike2.0_Wen-Hua Senior High School (Wenxin Rd.),Xitun Dist,"No.187, Sec. 3, Wenxin Rd. (Opposite)",500606036,66,4,20241224171017,24.17114,120.65995,62,1,"{'yb2': '4', 'eyb': '0'}"
359,台中市,Taichung City,YouBike2.0_中仁公園,西屯區,寧夏路89巷38號(對側人行道),YouBike2.0_Zhongren Park,Xitun Dist,"No.38, Ln. 89, Ningxia Rd. (Opposite)",500606037,28,2,20241224170118,24.16561,120.66077,25,1,"{'yb2': '2', 'eyb': '0'}"
360,台中市,Taichung City,YouBike2.0_重慶公園(天水西六街),西屯區,天水西六街7號(對側人行道),YouBike2.0_Chongqing Park (Tianshui W. 6th St.),Xitun Dist,"No.7, Tianshui W. 6th St. (Opposite)",500606038,37,2,20241224170717,24.16586,120.65553,35,1,"{'yb2': '2', 'eyb': '0'}"
361,台中市,Taichung City,YouBike2.0_臺灣大道國際街口,西屯區,臺灣大道四段/國際街口(東南側),YouBike2.0_Taiwan Blvd. / Guoji St.,Xitun Dist,"Sec. 4, Taiwan Blvd. & Guoji St. Intersection (Southeast)",500606039,14,4,20241224165018,24.18313,120.59352,8,1,"{'yb2': '4', 'eyb': '0'}"
362,台中市,Taichung City,YouBike2.0_朝馬運動中心,西屯區,朝貴路/朝馬二街口(西南側),YouBike2.0_Chao-Ma Civil Sports Center,Xitun Dist,Chaogui Rd. & Chaoma 2nd St. Intersection (Southwest),500606040,15,4,20241224170816,24.168111,120.634139,11,1,"{'yb2': '3', 'eyb': '1'}"
363,台中市,Taichung City,YouBike2.0_文修公園(西苑路),西屯區,西苑路/福吉街口(東南側),YouBike2.0_Wen Xiu Park (Xiyuan Rd.),Xitun Dist,Xiyuan Rd. & Fuji St. (Southeast),500606041,18,2,20241224170917,24.184324,120.641479,16,1,"{'yb2': '2', 'eyb': '0'}"
364,台中市,Taichung City,YouBike2.0_文修公園(烈美街),西屯區,烈美街/福星北三街口(西南側),YouBike2.0_Wen Xiu Park (Liemei St.),Xitun Dist,Liemei St. & Fuxing N. 3rd St. Intersection (Southwest),500606042,20,6,20241224170717,24.18429,120.642413,14,1,"{'yb2': '6', 'eyb': '0'}"
365,台中市,Taichung City,YouBike2.0_同心停車場,西屯區,黎明路三段/福科路口(東南側),YouBike2.0_Tong Xin Parking Lot,Xitun Dist,"Sec. 3, Liming Rd. & Fuke Rd. Intersection (Southeast)",500606043,17,4,20241224171017,24.178866,120.63749,13,1,"{'yb2': '4', 'eyb': '0'}"
366,台中市,Taichung City,YouBike2.0_上安公園(南側),西屯區,上仁街/上安路口(西南側),YouBike2.0_Shang'an Park (South),Xitun Dist,Shangren St. & Shang'an Rd. Intersection (Southwest),500606044,45,5,20241224170917,24.170154,120.640555,40,1,"{'yb2': '4', 'eyb': '1'}"
367,台中市,Taichung City,YouBike2.0_西大墩公園(福科路),西屯區,福科路/福科二路口(西南側),YouBike2.0_West Da Dun Park (Fu Ke Rd.),Xitun Dist,Fuke Rd. & Fuke 2nd Rd. Intersection (Southwest),500606045,18,2,20241224171017,24.179126,120.635924,16,1,"{'yb2': '2', 'eyb': '0'}"
368,台中市,Taichung City,YouBike2.0_龍門公園,西屯區,龍門路/龍門二街口(東北側),YouBike2.0_Longmen Park,Xitun Dist,Longmen Rd. & Longmen 2nd St. Intersection (Northeast),500606046,10,1,20241224165417,24.164015,120.631762,9,1,"{'yb2': '0', 'eyb': '1'}"
369,台中市,Taichung City,YouBike2.0_環中朝馬路口,西屯區,環中路三段/朝馬路口(東南側),YouBike2.0_Huanjhong Rd. / Chaoma Rd.,Xitun Dist,"Sec. 3, Huanzhong Rd. & Chaoma Rd. Intersection (Southeast)",500606047,10,6,20241224170315,24.169936,120.632564,3,1,"{'yb2': '6', 'eyb': '0'}"
370,台中市,Taichung City,YouBike2.0_朝富環河路口,西屯區,朝富路/環河路口(西北側),YouBike2.0_Chaofu Rd. / HuanHe Rd.,Xitun Dist,Chaofu Rd. & Huanhe Rd. Intersection (Northwest),500606048,15,10,20241224170717,24.16593,120.6371,5,1,"{'yb2': '9', 'eyb': '1'}"
371,台中市,Taichung City,YouBike2.0_至善青海路二段口,西屯區,至善路/青海路二段口(西南側),YouBike2.0_Zhishan Rd. / Qinghai Rd. Sec.2,Xitun Dist,"Zhishan Rd. & Sec. 2, Qinghai Rd. Intersection (Southwest)",500606049,15,0,20241224170916,24.173315,120.641065,14,1,"{'yb2': '0', 'eyb': '0'}"
372,台中市,Taichung City,YouBike2.0_文輝公園,西屯區,上明三街/上仁街124巷口(東北側公園內),YouBike2.0_Wen Hui Park,Xitun Dist,"Shangming 3rd St. & Ln. 124, Shangren St. Intersection (Park Northeast)",500606050,16,1,20241224170616,24.1715194228316,120.64273308314056,15,1,"{'yb2': '1', 'eyb': '0'}"
373,台中市,Taichung City,YouBike2.0_青海公園(四川東街),西屯區,四川東街55號(對側人行道),YouBike2.0_Qinghai Park (Sichuan E. St.),Xitun Dist,"No.55, Sichuan E. St. (Opposite)",500606052,33,2,20241224171017,24.16441,120.65334,31,1,"{'yb2': '2', 'eyb': '0'}"
374,台中市,Taichung City,YouBike2.0_大鵬國小(中平路),西屯區,中平路/大鵬路口(東南側),YouBike2.0_Da Peng Elementary School (Zhongping Rd.),Xitun Dist,Zhongping Rd. & Dapeng Rd. Intersection (Southeast),500606053,15,0,20241224165018,24.17793,120.66484,15,1,"{'yb2': '0', 'eyb': '0'}"
375,台中市,Taichung City,YouBike2.0_逢大大鵬路口,西屯區,逢大路98號前,YouBike2.0_Fongda Rd. / Dapeng Rd.,Xitun Dist,"No.98, Fengda Rd.",500606054,28,11,20241224170816,24.17843,120.65047,17,1,"{'yb2': '11', 'eyb': '0'}"
376,台中市,Taichung City,YouBike2.0_河南公園,西屯區,內江街5號(對側人行道),YouBike2.0_Henan Park,Xitun Dist,"No.5, Neijiang St. (Opposite)",500606055,12,1,20241224164115,24.1708,120.66298,11,1,"{'yb2': '1', 'eyb': '0'}"
377,台中市,Taichung City,YouBike2.0_黎明中清路口,西屯區,黎明路三段/中清路二段口(西南側),YouBike2.0_Liming Rd. / Zhongqing Rd.,Xitun Dist,"Sec. 3, Liming Rd. & Sec. 2, Zhongqing Rd. Intersection (Southwest)",500606056,16,5,20241224165616,24.19658,120.65725,11,1,"{'yb2': '4', 'eyb': '1'}"
378,台中市,Taichung City,YouBike2.0_大鵬臨停停車場,西屯區,中清西二街/中清西二街92巷口(西北側),YouBike2.0_Dapeng Parking Lot,Xitun Dist,"Zhongqing W. 2nd St. & Ln. 92, Zhongqing W. 2nd St. Intersection (Northwest)",500606057,15,5,20241224165718,24.17569,120.66549,10,1,"{'yb2': '4', 'eyb': '1'}"
379,台中市,Taichung City,YouBike2.0_捷運文華高中站,西屯區,文心路三段/河南路二段口(西北側),YouBike2.0_TMRT Wen-Hua Senior High School Sta.,Xitun Dist,"Sec. 3, Wenxin Rd. & Sec. 2, Henan Rd. Intersection (Northwest)",500606058,30,14,20241224170717,24.171695,120.660816,16,1,"{'yb2': '14', 'eyb': '0'}"
380,台中市,Taichung City,YouBike2.0_惠誠公園(市政南一路),西屯區,市政南一路/惠文七街(東南側),YouBike2.0_Huicheng Park (Shizheng S. 1st Rd.),Xitun Dist,Shizheng S. 1st Rd. & Huiwen 7th St. Intersection (Southeast),500606059,13,3,20241224165417,24.158196,120.637742,10,1,"{'yb2': '3', 'eyb': '0'}"
381,台中市,Taichung City,YouBike2.0_臺灣大道福安路口(西北側),西屯區,台灣大道四段/福安路口(西北側),YouBike2.0_Taiwan Blvd. / Fu-an Rd.,Xitun Dist,"Sec. 4, Taiwan Blvd. & Fu'an Rd. Intersection (Northeast)",500606060,10,5,20241224170717,24.180186,120.621505,5,1,"{'yb2': '5', 'eyb': '0'}"
382,台中市,Taichung City,YouBike2.0_臺灣大道安和路口(西北側),西屯區,臺灣大道四段/安和路口(西北側),YouBike2.0_Taiwan Blvd. / Anhe Rd.,Xitun Dist,"Sec. 4, Taiwan Blvd. & Anhe Rd. Intersection (Northeast)",500606061,13,7,20241224170017,24.179566,120.622796,6,1,"{'yb2': '7', 'eyb': '0'}"
383,台中市,Taichung City,YouBike2.0_福順停車場,西屯區,福順路/福元路(西南側),YouBike2.0_Fushun Parking Lot,Xitun Dist,Fushun Rd. & Fuyuan Rd. Intersection (Southeast),500606062,16,7,20241224164916,24.180058,120.627221,9,1,"{'yb2': '7', 'eyb': '0'}"
384,台中市,Taichung City,YouBike2.0_福科永福路口,西屯區,福科路/永福路口(西北側),YouBike2.0_Fu Ke Rd. / Yongfu Rd.,Xitun Dist,Fuke Rd & Yongfu Rd. Intersection (Northeast),500606063,12,1,20241224170616,24.184159,120.620425,11,1,"{'yb2': '1', 'eyb': '0'}"
385,台中市,Taichung City,YouBike2.0_福安公園,西屯區,福裕路/福泰東路(東北側),YouBike2.0_Fu-an Park,Xitun Dist,Fuyu Rd. & Futai E. Rd. Intersection (Northeast),500606064,15,3,20241224165718,24.182856,120.627591,12,1,"{'yb2': '1', 'eyb': '2'}"
386,台中市,Taichung City,YouBike2.0_西苑高中代管籃球場,西屯區,安和路/安和路189巷(東南側),YouBike2.0_Shi Yuan Senior High School Hosting Basketball Court,Xitun Dist,"Anhe Rd. & Ln. 189, Anhe Rd. Intersection (Southeast)",500606065,20,1,20241224170717,24.18568,120.626651,19,1,"{'yb2': '1', 'eyb': '0'}"
387,台中市,Taichung City,YouBike2.0_福科福康路口,西屯區,福科路/福康路口(西北側),YouBike2.0_Fu Ke Rd. / Fukang Rd.,Xitun Dist,Fuke Rd. & Fukang Rd. Intersection (Northwest),500606066,16,1,20241224170816,24.185521,120.617429,14,1,"{'yb2': '1', 'eyb': '0'}"
388,台中市,Taichung City,YouBike2.0_漢翔福星北路口,西屯區,漢翔路/福星北路口(北側),YouBike2.0_Hanxiang Rd. / Fuxing N. Rd.,Xitun Dist,Hanxiang Rd. & Fuxing N. Rd. (North),500606067,45,0,20241224170417,24.18521,120.64442,45,1,"{'yb2': '0', 'eyb': '0'}"
389,台中市,Taichung City,YouBike2.0_漢口國中(漢口路),西屯區,漢口路一段54-1號前,YouBike2.0_Han Kou Junior High School (Hankou Rd.),Xitun Dist,"No.54-1, Sec. 1, Hankou Rd.",500606068,17,0,20241224171017,24.16137,120.65684,17,1,"{'yb2': '0', 'eyb': '0'}"
390,台中市,Taichung City,YouBike2.0_河南停車場,西屯區,河南路一段122號,YouBike2.0_Henan Parking Lot,Xitun Dist,"No.122, Sec. 1, Henan Rd.",500606069,12,5,20241224170917,24.16975,120.66217,7,1,"{'yb2': '5', 'eyb': '0'}"
391,台中市,Taichung City,YouBike2.0_福星公園,西屯區,寶慶街50巷/河南路二段301巷(東側),YouBike2.0_Fuxing Park,Xitun Dist,"Ln. 50, Baoqing St. & Ln. 301, Sec. 2, Henan Rd. Intersection",500606070,34,17,20241224170917,24.17242,120.6481,17,1,"{'yb2': '16', 'eyb': '1'}"
392,台中市,Taichung City,YouBike2.0_大鵬國小,西屯區,大鵬路/大鵬路59巷口(西南側),YouBike2.0_Dapeng Elementary School,Xitun Dist,"Dapeng Rd. & Ln. 59, Dapeng Rd. Intersection",500606071,34,11,20241224165818,24.17811,120.66567,23,1,"{'yb2': '11', 'eyb': '0'}"
393,台中市,Taichung City,YouBike2.0_臺灣大道玉門路口,西屯區,臺灣大道四段/玉門路口(西南側),YouBike2.0_Taiwan Blvd. / Yumen Rd.,Xitun Dist,"Sec. 4, Taiwan Blvd. & Yumen Rd. Intersection",500606072,50,14,20241224171017,24.18425,120.60975,35,1,"{'yb2': '13', 'eyb': '1'}"
394,台中市,Taichung City,YouBike2.0_臺灣大道福林路口,西屯區,臺灣大道四段/福林路口(西南側),YouBike2.0_Taiwan Blvd. / Fulin Rd.,Xitun Dist,"Sec. 4, Taiwan Blvd. & Fulin Rd. Intersection (Southwest)",500606073,28,15,20241224170220,24.18361,120.61377,13,1,"{'yb2': '14', 'eyb': '1'}"
395,台中市,Taichung City,YouBike2.0_安和國中,西屯區,天助街/中工三路口(西南側),YouBike2.0_Anher Junior High School,Xitun Dist,Tianzhu St. & Zhonggong 3rd Rd. Intersection (Southwest),500606074,30,1,20241224170817,24.17396,120.61723,29,1,"{'yb2': '1', 'eyb': '0'}"
396,台中市,Taichung City,YouBike2.0_秋紅谷,西屯區,朝富路/朝馬路口(東北側),YouBike2.0_Maple Valley Park,Xitun Dist,Chaofu Rd & Chaoma Rd. Intersection (Northeast),500606075,99,16,20241224171017,24.16858,120.63904,79,1,"{'yb2': '14', 'eyb': '2'}"
397,台中市,Taichung City,YouBike2.0_櫻花棒球場,西屯區,櫻花路/洛陽路口(西側),YouBike2.0_Cherry Blossoms Baseball Field,Xitun Dist,Yinghua Rd. & Luoyang Rd. Intersection (West),500606076,53,10,20241224171017,24.16867,120.6531,43,1,"{'yb2': '10', 'eyb': '0'}"
398,台中市,Taichung City,YouBike2.0_頂何厝,西屯區,臺灣大道二段/東興路三段路口(西北側),YouBike2.0_Ding He Cuo,Xitun Dist,"Sec. 2, Taiwan Blvd. & Sec. 3, Dongxing Rd. Intersection (Northwest)",500606077,28,6,20241224170816,24.15924,120.65532,22,1,"{'yb2': '5', 'eyb': '1'}"
399,台中市,Taichung City,YouBike2.0_新光/遠百,西屯區,臺灣大道三段/惠來路二段(西北側),YouBike2.0_Mitsukoshi Shin Kong / Top City Dept. Store,Xitun Dist,"Sec. 3, Taiwan Blvd. & Sec. 2, Huilai Rd. Intersection (Northwest)",500606078,85,1,20241224170917,24.16614,120.64292,84,1,"{'yb2': '1', 'eyb': '0'}"
400,台中市,Taichung City,YouBike2.0_市政府(文心樓),西屯區,文心路二段/大墩二十街口(西南側),YouBike2.0_Taichung City Government (Wenxin Building),Xitun Dist,"Sec. 2, Wenxin Rd. & Dadun 20th St. Intersection (Southwest)",500606079,64,26,20241224171017,24.16143,120.6487,38,1,"{'yb2': '26', 'eyb': '0'}"
401,台中市,Taichung City,YouBike2.0_青海逢甲路口,西屯區,青海路二段/逢甲路口(西北側),YouBike2.0_Qinghai Rd. / Fengjia Rd.,Xitun Dist,"Sec. 2, Qinghai Rd. & Fengjia Rd. Intersection (Northwest)",500606080,18,1,20241224171017,24.17465,120.63923,17,1,"{'yb2': '1', 'eyb': '0'}"
402,台中市,Taichung City,YouBike2.0_上石公園,西屯區,西屯路二段/上石北五巷口(西南側),YouBike2.0_Shang Shi Park,Xitun Dist,"Sec. 2, Xitun Rd. & Shangshi N. 5th Ln., Sec. 2, Xitun Rd. Intersection (Southwest)",500606081,30,2,20241224171017,24.17284,120.64493,28,1,"{'yb2': '1', 'eyb': '1'}"
403,台中市,Taichung City,YouBike2.0_市政公園停車場,西屯區,市政北五路/惠中路一段口(東南側),YouBike2.0_City Hall Garden Parking,Xitun Dist,"Shizheng N. 5th Rd. & Sec. 1, Huizhong Rd. Intersection (Southeast)",500606082,38,13,20241224171017,24.16099,120.64453,25,1,"{'yb2': '13', 'eyb': '0'}"
404,台中市,Taichung City,YouBike2.0_大隆東興路口,西屯區,大隆路40號前,YouBike2.0_Dalong Rd./ Dongxing Rd.,Xitun Dist,"No.40, Dalong Rd.",500606083,48,4,20241224170717,24.15573,120.65409,44,1,"{'yb2': '4', 'eyb': '0'}"
405,台中市,Taichung City,YouBike2.0_臺中國家歌劇院,西屯區,惠民路/市政北六路口(西南側),YouBike2.0_National Taichung Theater,Xitun Dist,Huimin Rd. & Shizheng N. 6th Rd. Intersection (Southwest),500606084,61,19,20241224170315,24.16407,120.64012,42,1,"{'yb2': '19', 'eyb': '0'}"
406,台中市,Taichung City,YouBike2.0_協和停車場,西屯區,安和西路/福玄路口(西側),YouBike2.0_Sie He Parking Lot,Xitun Dist,Anhe W. Rd. & Fuxuan Rd. Intersection (West),500606085,24,4,20241224170816,24.17754,120.62188,20,1,"{'yb2': '4', 'eyb': '0'}"
407,台中市,Taichung City,YouBike2.0_西大墩公園,西屯區,福科一街/福科二路口(西北側),YouBike2.0_West Da Dun Park,Xitun Dist,Fuke 1st St. & Fuke 2nd Rd. Intersection (Northwest),500606086,26,5,20241224160816,24.17692,120.63577,21,1,"{'yb2': '5', 'eyb': '0'}"
408,台中市,Taichung City,YouBike2.0_福科國民中學,西屯區,西屯路三段/玉門路370巷口(東南側),YouBike2.0_Focus Junior High School,Xitun Dist,"Sec. 3, Xitun Rd. & Ln. 370, Yumen Rd. Intersection (Southeast)",500606087,28,25,20241224170616,24.18972,120.61381,3,1,"{'yb2': '25', 'eyb': '0'}"
409,台中市,Taichung City,YouBike2.0_潮洋環保公園,西屯區,朝貴路/朝馬七街(西南側),YouBike2.0_Chao Yang Environmental Park,Xitun Dist,Chaogui Rd. & Chaoma 7th St. Intersection (Southwest),500606088,27,8,20241224170717,24.16591,120.63341,19,1,"{'yb2': '8', 'eyb': '0'}"
410,台中市,Taichung City,YouBike2.0_世斌公園,西屯區,永福路/福安路22巷口(東北側),YouBike2.0_Shih Bin Park,Xitun Dist,"Yongfu Rd. & Ln. 22, Fu'an Rd. Intersection (Northeast)",500606089,22,14,20241224171017,24.18219,120.61962,8,1,"{'yb2': '14', 'eyb': '0'}"
411,台中市,Taichung City,YouBike2.0_大仁公園,西屯區,甘肅路一段/甘州六街口(西側),YouBike2.0_Da Ren Park,Xitun Dist,"Sec. 1, Gansu Rd. & Ganzhou 6th St. Intersection (West)",500606090,22,2,20241224170220,24.16569,120.65929,16,1,"{'yb2': '2', 'eyb': '0'}"
412,台中市,Taichung City,YouBike2.0_國安一號公園,西屯區,國安一路51號,YouBike2.0_Guoan 1st Park,Xitun Dist,"No.51, Guo'an 1st Rd.",500606091,30,6,20241224165316,24.19061,120.61472,24,1,"{'yb2': '6', 'eyb': '0'}"
413,台中市,Taichung City,YouBike2.0_三信公園,西屯區,漢口路二段182號(對側人行道),YouBike2.0_Sanxin Park,Xitun Dist,"No.182, Sec. 2, Hankou Rd. (Opposite)",500606092,24,9,20241224170717,24.16623,120.66372,15,1,"{'yb2': '9', 'eyb': '0'}"
414,台中市,Taichung City,YouBike2.0_經貿七中清路口,西屯區,經貿七路12號(對側道路旁),YouBike2.0_Jingmao 7th Rd. / Zhongqing Rd.,Xitun Dist,"No.12, Jingmao 7th Rd. (Opposite)",500606093,20,6,20241224171017,24.19278,120.65929,14,1,"{'yb2': '6', 'eyb': '0'}"
415,台中市,Taichung City,YouBike2.0_國安國小,西屯區,東大路一段555號(對側人行道),YouBike2.0_Guo An Elementary School,Xitun Dist,"No.555, Sec. 1, Dongda Rd. (Opposite)",500606094,32,9,20241224171017,24.19398,120.60709,23,1,"{'yb2': '9', 'eyb': '0'}"
416,台中市,Taichung City,YouBike2.0_上德公園,西屯區,上石路73號,YouBike2.0_Shang De Park,Xitun Dist,"No.73, Shangshi Rd.",500606095,24,4,20241224170917,24.16931,120.64451,20,1,"{'yb2': '4', 'eyb': '0'}"
417,台中市,Taichung City,YouBike2.0_文修公園,西屯區,福星路114號(對側人行道),YouBike2.0_Wen Xiu Park,Xitun Dist,"No.114, Fuxing Rd. (Opposite)",500606096,22,3,20241224170917,24.18234,120.642,19,1,"{'yb2': '3', 'eyb': '0'}"
418,台中市,Taichung City,YouBike2.0_臺中市議會,西屯區,市政北一路56號(對側人行道),YouBike2.0_Taichung City Council,Xitun Dist,"No.56, Shizheng N. 1st Rd. (Opposite)",500606097,27,9,20241224171015,24.15805,120.64403,18,1,"{'yb2': '9', 'eyb': '0'}"
419,台中市,Taichung City,YouBike2.0_臺中至善公園,西屯區,至善路/逢甲路101巷口(西南側),YouBike2.0_Taichung Zhishan Park,Xitun Dist,"Zhishan Rd. & Ln. 101, Fengjia Rd. Intersection (Southwest)",500606098,28,7,20241224170917,24.17492,120.64209,21,1,"{'yb2': '7', 'eyb': '0'}"
420,台中市,Taichung City,YouBike2.0_高登公園,西屯區,重慶路431-433號(對側人行道),YouBike2.0_Gaodeng Park,Xitun Dist,"No.431-433, Chongqing Rd. (Opposite)",500606099,20,2,20241224170518,24.17106,120.66571,18,1,"{'yb2': '2', 'eyb': '0'}"
421,台中市,Taichung City,YouBike2.0_何厝公園,西屯區,四川路89號(對側人行道),YouBike2.0_Hecuo Park,Xitun Dist,"No.89, Sichuan Rd. (Opposite)",500606100,24,0,20241224170417,24.16061,120.65492,24,1,"{'yb2': '0', 'eyb': '0'}"
422,台中市,Taichung City,YouBike2.0_大弘公園,西屯區,太原路一段204號(對側人行道),YouBike2.0_Dahong Park,Xitun Dist,"No.204, Sec. 1, Taiyuan Rd. (Opposite)",500606101,30,7,20241224171017,24.1628,120.66128,23,1,"{'yb2': '7', 'eyb': '0'}"
423,台中市,Taichung City,YouBike2.0_惠來停車場,西屯區,惠來路二段/市政北一路口(西南側),YouBike2.0_Huilai Parking Lot,Xitun Dist,"Sec. 2, Huilai Rd. & Shizheng N. 1st Rd. Intersection (Southwest)",500606102,41,10,20241224171017,24.15999,120.63964,31,1,"{'yb2': '10', 'eyb': '0'}"
424,台中市,Taichung City,YouBike2.0_中科管理局,西屯區,中科路2號,YouBike2.0_Central Taiwan Science Park,Xitun Dist,"No.2, Zhongke Rd.",500606103,24,16,20241224153215,24.20889,120.6178,8,1,"{'yb2': '15', 'eyb': '1'}"
425,台中市,Taichung City,YouBike2.0_巨大集團總部,西屯區,東大路一段999號(前人行道),YouBike2.0_Giant Headquarters,Xitun Dist,"No.999, Sec. 1, Dongda Rd. (Front)",500606104,22,5,20241224160416,24.20865,120.61154,17,1,"{'yb2': '5', 'eyb': '0'}"
426,台中市,Taichung City,YouBike2.0_臺灣大道福林路口(東北側),西屯區,臺灣大道四段/福林路口(東北側),YouBike2.0_Taiwan Blvd. / Fulin Rd. (Northeast),Xitun Dist,"Sec. 4, Taiwan Blvd & Fulin Rd. Intersection (Northeast)",500606105,18,0,20241224165717,24.183812,120.614265,17,1,"{'yb2': '0', 'eyb': '0'}"
427,台中市,Taichung City,YouBike2.0_福恩停車場,西屯區,工業區一路2巷/工業區一路口(西北側),YouBike2.0_Fuen Parking Lot,Xitun Dist,"Ln. 2, Gongyequ 1st Rd. & Gongyequ 1st Rd. Intersection (Northwest)",500606106,18,10,20241224170616,24.182439,120.615023,8,1,"{'yb2': '10', 'eyb': '0'}"
428,台中市,Taichung City,YouBike2.0_工業區一路工業區一路58巷口,西屯區,工業區一路/工業區一路58巷口(西南側),YouBike2.0_Gongyequ 1st Rd. / Ln.58 Gongyequ 1st Rd.,Xitun Dist,Gongyequ 1st Rd. & Ln. 58 Gongyequ 1st Rd. Intersection (Southwest),500606107,22,6,20241224171017,24.17958,120.614687,16,1,"{'yb2': '6', 'eyb': '0'}"
429,台中市,Taichung City,YouBike2.0_工業區一路工業區一路72巷口,西屯區,工業區一路/工業區一路72巷口(西南側),YouBike2.0_Gongyequ 1st Rd. / Ln.72 Gongyequ 1st Rd.,Xitun Dist,Gongyequ 1st Rd.& Ln. 72 Gongyequ 1st Rd. Intersection (Southwest),500606108,16,2,20241224171017,24.17712,120.614316,14,1,"{'yb2': '2', 'eyb': '0'}"
430,台中市,Taichung City,YouBike2.0_工業區一路98巷口,西屯區,工業區一路98巷/工業區一路口(西南側),YouBike2.0_Ln.98 Gongyequ 1st Rd.,Xitun Dist,Ln. 98 Gongyequ 1st Rd. & Gongyequ 1st Rd. Intersection (Southwest),500606109,25,0,20241224170517,24.17313,120.613429,25,1,"{'yb2': '0', 'eyb': '0'}"
431,台中市,Taichung City,YouBike2.0_臺灣大道中工三路口(西北側),西屯區,臺灣大道四段/中工三路口(西北側),YouBike2.0_Taiwan Blvd. / Zhonggong 3rd Rd.,Xitun Dist,"Sec. 4, Taiwan Blvd & Zhonggong 3rd Rd. Intersection (Northwest)",500606112,17,17,20241224170817,24.18093,120.61911,0,1,"{'yb2': '17', 'eyb': '0'}"
432,台中市,Taichung City,YouBike2.0_中工二路福中十街口,西屯區,中工二路/福中十街口(東南側),YouBike2.0_Zhonggong 2nd Rd. / Fuzhong 10th St.,Xitun Dist,Zhonggong 2nd Rd. & Fuzhong 10th St. Intersection (Southeast),500606113,28,2,20241224171017,24.17692,120.61593,24,1,"{'yb2': '2', 'eyb': '0'}"
433,台中市,Taichung City,YouBike2.0_臺灣大道工業區一路口(東南側),西屯區,臺灣大道四段/工業區一路口(東南側),YouBike2.0_Taiwan Blvd. / Gongyequ 1st Rd. (Southeast),Xitun Dist,"Sec. 4, Taiwan Blvd & Gongyequ 1st Rd. Intersection (Southeast)",500606114,24,17,20241224170917,24.18258,120.61566,7,1,"{'yb2': '17', 'eyb': '0'}"
434,台中市,Taichung City,YouBike2.0_中工公園,西屯區,順和一街1號(對側人行道),YouBike2.0_Zhonggong Park,Xitun Dist,"No.1, Shunhe 1st St. (Opposite)",500606115,16,9,20241224170220,24.175597,120.589586,7,1,"{'yb2': '9', 'eyb': '0'}"
435,台中市,Taichung City,YouBike2.0_協和公園,西屯區,玉成路/玉寶路口(西南側),YouBike2.0_Sie He Park,Xitun Dist,Yucheng Rd. & Yubao Rd. Intersection (Southwest),500606116,16,3,20241224165718,24.176782,120.620096,12,1,"{'yb2': '3', 'eyb': '0'}"
436,台中市,Taichung City,YouBike2.0_臺灣大道安和路口(西南側),西屯區,臺灣大道四段/安和路口(西南側),YouBike2.0_Taiwan Blvd. / Anhe Rd. (Southwest),Xitun Dist,"Sec. 4, Taiwan Blvd. & Anhe Rd. Intersection (Southwest)",500606117,15,10,20241224170717,24.179134,120.622873,5,1,"{'yb2': '10', 'eyb': '0'}"
437,台中市,Taichung City,YouBike2.0_協仁公園,西屯區,福元路/福玄路口(東南側),YouBike2.0_Xie Ren Park,Xitun Dist,Fuyuan Rd. & Fuxuan Rd. Intersection (Southeast),500606118,20,5,20241224164417,24.175336,120.625631,14,1,"{'yb2': '5', 'eyb': '0'}"
438,台中市,Taichung City,YouBike2.0_環中福星西路口,西屯區,環中路二段1129號前,YouBike2.0_Huanzhong Rd. / Fuxing W. Rd.,Xitun Dist,"No.1129, Sec. 2, Huanzhong Rd.",500606119,15,6,20241224163817,24.182771,120.636213,9,1,"{'yb2': '6', 'eyb': '0'}"
439,台中市,Taichung City,YouBike2.0_福聯兒童公園,西屯區,福科路961巷/福瑞街27巷口(西北側),YouBike2.0_Fulian Children's park,Xitun Dist,"Ln. 961, Fuke Rd. & Ln. 27, Furui St. Intersection (Northwest)",500606120,14,5,20241224170017,24.18674,120.60545,9,1,"{'yb2': '5', 'eyb': '0'}"
440,台中市,Taichung City,YouBike2.0_東大附中,西屯區,臺灣大道四段/東海路口(東側),YouBike2.0_THU Affiliated Senior High School,Xitun Dist,"Sec. 4, Taiwan Blvd. & Donghai Rd. Intersection (East)",500606121,26,0,20241224165517,24.18355,120.60679,26,1,"{'yb2': '0', 'eyb': '0'}"
441,台中市,Taichung City,YouBike2.0_臺灣大道約農路口,西屯區,臺灣大道四段/約農路口(東南側),YouBike2.0_Taiwan Blvd. / Beauson Rd.,Xitun Dist,"Sec. 4, Taiwan Blvd. & Beauson Rd. Intersection (Southwest)",500606122,45,27,20241224171017,24.18269,120.60287,17,1,"{'yb2': '23', 'eyb': '4'}"
442,台中市,Taichung City,YouBike2.0_福強街福科路900巷口,西屯區,福強街/福科路900巷口(東北側),"YouBike2.0_Fuqiang St. / Ln. 900, Fu Ke Rd.",Xitun Dist,"Fuqiang St. & Ln. 900, Fuke Rd. Intersection (Northeast)",500606123,20,10,20241224163716,24.18915,120.60741,10,1,"{'yb2': '10', 'eyb': '0'}"
443,台中市,Taichung City,YouBike2.0_福瑞里社區停車場,西屯區,福瑞街七十五巷/東大路一段口(東南側),YouBike2.0_Furui Village Community Parking Lot,Xitun Dist,"Ln. 75, Furui St. & Sec. 1, Dongda Rd. Intersection (Southeast)",500606124,17,6,20241224170816,24.18835,120.6056,11,1,"{'yb2': '6', 'eyb': '0'}"
444,台中市,Taichung City,YouBike2.0_五龍公園,西屯區,東大路一段/福瑞街七十五巷口(西側),YouBike2.0_Wulong Park,Xitun Dist,"Sec. 1, Dongda Rd. & Ln. 75, Furui St. Intersection (West)",500606125,10,5,20241224164615,24.18847,120.60514,5,1,"{'yb2': '5', 'eyb': '0'}"
445,台中市,Taichung City,YouBike2.0_成都公園,西屯區,成都路222號(旁公園),YouBike2.0_Chengdu Park,Xitun Dist,"No.222, Chengdu Rd. (Next to the park)",500606126,15,3,20241224170616,24.169,120.66485,12,1,"{'yb2': '3', 'eyb': '0'}"
446,台中市,Taichung City,YouBike2.0_國豐停車場,西屯區,國安一路128號(北側),YouBike2.0_Guofeng Parking Lot,Xitun Dist,"No.128, Guo'an 1st Rd. (North)",500606127,15,7,20241224162716,24.191838,120.613279,8,1,"{'yb2': '7', 'eyb': '0'}"
447,台中市,Taichung City,YouBike2.0_東大西屯路三段口,西屯區,東大路一段/西屯路三段口(東南側),YouBike2.0_Dongde Rd. / Xitun Rd. Sec. 3,Xitun Dist,"Sec. 1, Dongda Rd. & Sec. 3, Xitun Rd. Intersection (Southeast)",500606128,15,7,20241224170917,24.19253,120.606514,8,1,"{'yb2': '7', 'eyb': '0'}"
448,台中市,Taichung City,YouBike2.0_玉門西屯路三段口,西屯區,玉門路/西屯路三段口(東南側),YouBike2.0_Yumen Rd. / Xitun Rd. Sec. 3,Xitun Dist,"Yumen Rd. & Sec. 3, Xitun Rd. Intersection (Southeast)",500606129,22,18,20241224170315,24.190807,120.610831,4,1,"{'yb2': '18', 'eyb': '0'}"
449,台中市,Taichung City,YouBike2.0_福科國中(福林路),西屯區,福林路/西屯路三段口(西南側),YouBike2.0_Focus Junior High School (Fulin Rd.),Xitun Dist,"Fulin Rd. & Sec. 3, Xitun Rd. Intersection (Southwest)",500606130,19,0,20241224164616,24.188139,120.615031,19,1,"{'yb2': '0', 'eyb': '0'}"
450,台中市,Taichung City,YouBike2.0_上石國小(湳子巷),西屯區,湳子巷8之20號(對側人行道),YouBike2.0_Shang Shih Elementary School (Nanzai Ln.),Xitun Dist,"No.8-20, Nanzi Ln. (Opposite)",500606131,20,7,20241224170616,24.17343,120.64296,13,1,"{'yb2': '6', 'eyb': '1'}"
451,台中市,Taichung City,YouBike2.0_上石國小(湳子巷8弄),西屯區,湳子巷/湳子巷8弄(東側),YouBike2.0_Shang Shih Elementary School (Aly. 8 Nanzai Ln.),Xitun Dist,"Aly. 8, Nanzi Ln. (East)",500606132,20,7,20241224170315,24.17256,120.64328,13,1,"{'yb2': '7', 'eyb': '0'}"
452,台中市,Taichung City,YouBike2.0_龍潭里活動中心,西屯區,龍德路二段366號前,YouBike2.0_Longtan Village Activity Center,Xitun Dist,"No.366, Sec. 2, Longde Rd.",500606133,14,6,20241224170017,24.157639,120.626955,8,1,"{'yb2': '6', 'eyb': '0'}"
453,台中市,Taichung City,YouBike2.0_宏恩公園,西屯區,西屯路三段宏恩一巷35弄13號(對側),YouBike2.0_Hongen Park,Xitun Dist,"No.13, Aly. 35, Hong'en 1st Ln., Sec. 3, Xitun Rd. (Opposite)",500606134,16,9,20241224170917,24.189588,120.61751,7,1,"{'yb2': '8', 'eyb': '1'}"
454,台中市,Taichung City,YouBike2.0_港尾里守望相助隊,西屯區,中康二街/中康街口(西北側),YouBike2.0_Gangwei Village Neighborhood Watch Team,Xitun Dist,Zhongkang 2nd St. & Zhongkang St. Intersection (Northwest),500606135,15,2,20241224165417,24.19807,120.6598,13,1,"{'yb2': '2', 'eyb': '0'}"
455,台中市,Taichung City,YouBike2.0_廣興宮,西屯區,廣福路230號(對側廣場),YouBike2.0_Guangxing Temple,Xitun Dist,"No.230, Guangfu Rd. (Opposite)",500606136,12,6,20241224072916,24.19864,120.64269,6,1,"{'yb2': '6', 'eyb': '0'}"
456,台中市,Taichung City,YouBike2.0_國家中山科學研究院臺中院區,西屯區,西安街277巷300-2號(東側路旁),"YouBike2.0_National Chung-Shan Institute of Science & Technology, Taichung",Xitun Dist,"No.300-2, Ln. 277, Xi'an St. (East)",500606137,17,4,20241224170717,24.18803,120.6462,13,1,"{'yb2': '4', 'eyb': '0'}"
457,台中市,Taichung City,YouBike2.0_國安二號公園,西屯區,西屯路三段/玉門路口(東側),YouBike2.0_Guoan 2nd Park,Xitun Dist,"Sec. 3, Xitun Rd. & Yumen Rd. Intersection (East)",500606138,21,3,20241224171015,24.19078,120.61159,18,1,"{'yb2': '3', 'eyb': '0'}"
458,台中市,Taichung City,YouBike2.0_文華路86巷文華路口,西屯區,文華路86巷/文華路口(東南側),YouBike2.0_Ln. 86 Wenhua Rd. / Wenhua Rd.,Xitun Dist,"Ln. 86, Wenhua Rd. & Wenhua Rd. Intersection (Southeast)",500606139,15,6,20241224164615,24.176476,120.647166,9,1,"{'yb2': '5', 'eyb': '1'}"
459,台中市,Taichung City,YouBike2.0_惠民公園,西屯區,西屯路二段200號(對側),YouBike2.0_Huimin Park,Xitun Dist,"No.200, Sec. 2, Xitun Rd. (Opposite)",500606140,24,9,20241224170816,24.167846,120.649484,15,1,"{'yb2': '8', 'eyb': '1'}"
460,台中市,Taichung City,YouBike2.0_泰安國小,西屯區,環中路二段/同志巷口(西南側),YouBike2.0_Tai An Elementary School,Xitun Dist,"Sec. 2, Huanzhong Rd. & Tongzhi Ln. Intersection (Southwest)",500606143,12,3,20241224071715,24.197705,120.650182,9,1,"{'yb2': '3', 'eyb': '0'}"
461,台中市,Taichung City,YouBike2.0_漢翔上墩路口,西屯區,漢翔路/上墩路口(西南側),YouBike2.0_Hanxiang Rd. / Shangdun Rd.,Xitun Dist,Hanxiang Rd. & Shangdun Rd. Intersection (Southwest),500606144,20,2,20241224153915,24.185221,120.638921,18,1,"{'yb2': '2', 'eyb': '0'}"
462,台中市,Taichung City,YouBike2.0_宏福一巷宏福三巷口,西屯區,宏福一巷/宏福三巷口(西側),YouBike2.0_Hongfu 1st Ln. / Hongfu 3rd Ln.,Xitun Dist,Hongfu 1st Ln. & Hongfu 3rd Ln. Intersection (West),500606145,12,4,20241224165518,24.187536,120.616197,8,1,"{'yb2': '4', 'eyb': '0'}"
463,台中市,Taichung City,YouBike2.0_中央公園(福上巷),西屯區,福上巷/河南路二段口,YouBike2.0_Taichung Central Park (Fushang Ln.),Xitun Dist,"No.231, Fushang Ln. (Northeast Parking Lot)",500606146,23,4,20241224143115,24.17594,120.6533,19,1,"{'yb2': '4', 'eyb': '0'}"
464,台中市,Taichung City,YouBike2.0_西屯張廖家廟,西屯區,福星北路/文華路138巷口(東南側),YouBike2.0_Xitun Changliao Family Shrine,Xitun Dist,"Fuxing N. Rd & Ln. 138, Wenhua Rd. Intersection (Southeast)",500606147,16,3,20241224170315,24.182742,120.644986,13,1,"{'yb2': '3', 'eyb': '0'}"
465,台中市,Taichung City,YouBike2.0_朝馬停車場,西屯區,上安路199號旁,YouBike2.0_Chaoma Parking Lot,Xitun Dist,"No.199, Shang'an Rd.",500606148,20,6,20241224165718,24.17368,120.63619,14,1,"{'yb2': '6', 'eyb': '0'}"
466,台中市,Taichung City,YouBike2.0_漢翔福星北路口(東北側),西屯區,漢翔路37號(對側人行道),YouBike2.0_Hanxiang Rd./ Fuxing N. Rd. (Northeast),Xitun Dist,"No.37, Hanxiang Rd. (Opposite)",500606149,22,0,20241224170817,24.18516,120.64546,21,1,"{'yb2': '0', 'eyb': '0'}"
467,台中市,Taichung City,YouBike2.0_經貿五僑大路口,西屯區,經貿五路/僑大路口(東側),YouBike2.0_Jingmao 5th Rd. / Qiaoda Rd.,Xitun Dist,Jingmao 5th Rd. & Qiaoda Rd. Intersection (East),500606150,20,3,20241224170917,24.19069,120.64441,17,1,"{'yb2': '3', 'eyb': '0'}"
468,台中市,Taichung City,YouBike2.0_港尾萬魂祠,西屯區,環中路一段/中清路二段口(東側),YouBike2.0_Gangwei Wanhun Temple,Xitun Dist,"Sec. 1, Huanzhong Rd. & Sec. 2, Zhongqing Rd. Intersection (East)",500606151,12,4,20241224165216,24.19985,120.65671,8,1,"{'yb2': '3', 'eyb': '1'}"
469,台中市,Taichung City,YouBike2.0_中工三路天佑街口,西屯區,中工三路/天佑街口(西南側),YouBike2.0_Zhonggong 3rd Rd. / Tianyou St.,Xitun Dist,Zhonggong 3rd Rd. & Tianyou St. Intersection (Southwest),500606152,10,2,20241224165616,24.17893,120.61879,8,1,"{'yb2': '2', 'eyb': '0'}"
470,台中市,Taichung City,YouBike2.0_西安街277巷6弄口(北側),西屯區,西安街277巷59號(對側),YouBike2.0_Xian St. Ln. 277 Aly. 6 (North),Xitun Dist,"No.59, Ln. 277, Xi'an St. (Opposite)",500606153,11,0,20241224171020,24.18372,120.64824,11,1,"{'yb2': '0', 'eyb': '0'}"
471,台中市,Taichung City,YouBike2.0_惠來公園,西屯區,市政南二路/惠文五街(西南側),YouBike2.0_Huilai Park,Xitun Dist,Shizheng S. 2nd Rd. & Huiwen 5th St. Intersection (Southwest),500606154,25,9,20241224171017,24.15571,120.639,16,1,"{'yb2': '9', 'eyb': '0'}"
472,台中市,Taichung City,YouBike2.0_中山國中,西屯區,寧夏路198號(對側人行道),YouBike2.0_Chung Shan Junior High School,Xitun Dist,"No.198, Ningxia Rd. (Opposite)",500606155,20,0,20241224170917,24.16794,120.66064,20,1,"{'yb2': '0', 'eyb': '0'}"
473,台中市,Taichung City,YouBike2.0_朝貴公園,西屯區,朝貴一街96號(東南側),YouBike2.0_Chaogui Park,Xitun Dist,"No.96, Chaogui 1st St. (Southeast)",500606156,12,0,20241224165916,24.170587,120.635093,12,1,"{'yb2': '0', 'eyb': '0'}"
474,台中市,Taichung City,YouBike2.0_三角埔(福雅路),西屯區,福雅路/西林巷口(東北側),YouBike2.0_Sanjiaopu (Fuya Rd.),Xitun Dist,Fuya Rd. & Xilin Ln. Intersection (Northeast),500606157,15,9,20241224170616,24.201713,120.627808,6,1,"{'yb2': '9', 'eyb': '0'}"
475,台中市,Taichung City,YouBike2.0_中科福雅路口,西屯區,中科路/福雅路口(西南側),YouBike2.0_Zhongke Rd. / Fuya Rd.,Xitun Dist,Zhongke Rd. & Fuya Rd.  Intersection (Southwest),500606158,10,6,20241224164615,24.205873,120.628681,3,1,"{'yb2': '6', 'eyb': '0'}"
476,台中市,Taichung City,YouBike2.0_中清廣興巷口,西屯區,中清路/廣興巷口(西北側),YouBike2.0_Zhongqing Rd. / Guangxing Ln.,Xitun Dist,Zhongqing Rd. & Guangxing Ln. Intersection (Northwest),500606159,13,3,20241224151415,24.203724,120.653146,9,1,"{'yb2': '3', 'eyb': '0'}"
477,台中市,Taichung City,YouBike2.0_惠順公園,西屯區,政和路/惠文二街口(東南側),YouBike2.0_Huishun Park,Xitun Dist,Zhenghe Rd. & Huiwen 2nd St. Intersection (Southeast),500606160,12,8,20241224170717,24.15585,120.64202,4,1,"{'yb2': '8', 'eyb': '0'}"
478,台中市,Taichung City,YouBike2.0_文心市政北一路口,西屯區,文心路二段/市政北一路口,YouBike2.0_Wenxin Rd. / Shizheng N. 1st Rd.,Xitun Dist,"Sec. 2, Wenxin Rd. & Shizheng N. 1st Rd. Intersetion",500606161,14,4,20241224170917,24.15665,120.64666,10,1,"{'yb2': '2', 'eyb': '2'}"
479,台中市,Taichung City,YouBike2.0_惠中市政路口(東北側),西屯區,惠中路二段/市政路口(東北側),YouBike2.0_Huizhong Rd. / Shizheng Rd. (Northeast),Xitun Dist,"Sec. 2, Huizhong Rd. & Shizheng Rd. Intersection (Northeast)",500606162,18,6,20241224170717,24.15764,120.64211,12,1,"{'yb2': '6', 'eyb': '0'}"
480,台中市,Taichung City,YouBike2.0_臺灣大道四川五街口,西屯區,台灣大道二段/四川五街口(西北側),YouBike2.0_Taiwan Blvd. / Sichuan 5th St.,Xitun Dist,"Sec. 2, Taiwan Blvd. & Sichuan 5th St. Intersection (Northwest)",500606163,12,8,20241224170518,24.16165,120.65185,4,1,"{'yb2': '7', 'eyb': '1'}"
481,台中市,Taichung City,YouBike2.0_華美公園,西屯區,寧漢二街36號(對側人行道),YouBike2.0_Huamei Park,Xitun Dist,"No.36, Ninghan 2nd St. (Opposite)",500606164,14,2,20241224165018,24.16462,120.663968,11,1,"{'yb2': '1', 'eyb': '1'}"
482,台中市,Taichung City,YouBike2.0_大鵬新城,西屯區,逢大路/凱旋一路口(西北側),YouBike2.0_Dapeng New Community,Xitun Dist,Fengda Rd. & Kaixuan 1st Rd. Intersection (Northwest),500606165,18,9,20241224165518,24.177437,120.650269,9,1,"{'yb2': '9', 'eyb': '0'}"
483,台中市,Taichung City,YouBike2.0_八張犁淨水廠,西屯區,廣福路165號(東北側),YouBike2.0_Bazhangli Water Treatment Plant,Xitun Dist,"No.165, Guangfu Rd. (Northeast)",500606166,13,4,20241224133315,24.197472,120.642284,9,1,"{'yb2': '3', 'eyb': '1'}"
484,台中市,Taichung City,YouBike2.0_西屯永興宮,西屯區,安林路29號(東側),YouBike2.0_Xitun Yongxing Temple,Xitun Dist,"No.29, Anlin Rd. (East)",500606167,12,5,20241224150316,24.198141,120.623678,7,1,"{'yb2': '4', 'eyb': '1'}"
485,台中市,Taichung City,YouBike2.0_何安里活動中心,西屯區,四川路126號(北側),YouBike2.0_He-an Village Activity Center,Xitun Dist,"No.126, Sichuan Rd. (North)",500606168,16,0,20241224170916,24.162574,120.653654,16,1,"{'yb2': '0', 'eyb': '0'}"
486,台中市,Taichung City,YouBike2.0_上石惠來路口,西屯區,惠來路三段/上石路口(西北側),YouBike2.0_Shangshi Rd. / Huilai Rd.,Xitun Dist,"Sec. 3, Huilai Rd. & Shangshi Rd. Intersection (Northwest)",500606169,25,3,20241224171017,24.16644,120.64412,20,1,"{'yb2': '3', 'eyb': '0'}"
487,台中市,Taichung City,YouBike2.0_安和公園,西屯區,安和路/安和二街口(西南側),YouBike2.0_Anhe Park,Xitun Dist,Anhe Rd. & Anhe 2nd St. Intersection (Southwest),500606170,15,2,20241224170917,24.17565,120.62288,13,1,"{'yb2': '2', 'eyb': '0'}"
488,台中市,Taichung City,YouBike2.0_經貿五僑大八街口,西屯區,經貿五路/僑大八街口(東南側),YouBike2.0_Jingmao 5th Rd. / Qlaoda 8th St.,Xitun Dist,Jingmao 5th Rd. & Qlaoda 8th St. Intersection (Southeast),500606171,20,3,20241224160018,24.19104,120.65226,17,1,"{'yb2': '3', 'eyb': '0'}"
489,台中市,Taichung City,YouBike2.0_惠中路停車場,西屯區,惠中路/惠中路148巷口(北側),YouBike2.0_Huizhong Rd. Parking Lot,Xitun Dist,"Huizhong Rd. & Ln. 148, Huizhong Rd. Intersection (North)",500606173,20,9,20241224170816,24.16523,120.64673,11,1,"{'yb2': '9', 'eyb': '0'}"
490,台中市,Taichung City,YouBike2.0_馬龍潭停車場,西屯區,龍富路五段396號(東北側),YouBike2.0_Malongtan Parking Lot,Xitun Dist,"No.396, Sec. 5, Longfu Rd. (Northeast)",500606174,15,1,20241224161915,24.1598,120.62986,14,1,"{'yb2': '1', 'eyb': '0'}"
491,台中市,Taichung City,YouBike2.0_環中市政南一路口(西北側),西屯區,環中路三段/市政南一路口(西北側),YouBike2.0_Huanzhong Rd. / Shizheng S. 1st Rd. (Northwest),Xitun Dist,"Sec. 3, Huanzhong Rd. & Shizheng S. 1st Rd. Intersection (Northwest)",500606175,16,7,20241224170220,24.16012,120.627,9,1,"{'yb2': '7', 'eyb': '0'}"
492,台中市,Taichung City,YouBike2.0_大仁國小,西屯區,重慶路/甘肅路一段口(東南側),YouBike2.0_Da Ren Elementary School,Xitun Dist,"Chongqing Rd. & Sec. 1, Gansu Rd. Intersection (Southeast)",500606176,25,8,20241224170717,24.16783,120.65778,17,1,"{'yb2': '8', 'eyb': '0'}"
493,台中市,Taichung City,YouBike2.0_安和國中(水尾巷),西屯區,水尾巷/中工二路口(東北側),YouBike2.0_AnHer Junior High School (Shuiwei Ln.),Xitun Dist,Shuiwei Ln. & Zhonggong 2nd Rd. Intersection (Northeast),500606177,20,1,20241224170917,24.172,120.61525,19,1,"{'yb2': '1', 'eyb': '0'}"
494,台中市,Taichung City,YouBike2.0_福科路福科路658巷口,西屯區,福科路/福科路658巷口(西北側及東北側),YouBike2.0_Fu Ke Rd. / Fu Ke Rd. Ln. 658,Xitun Dist,"Fuke Rd. & Ln. 658, Fuke Rd. Intersection (Northwest、Northeast)",500606179,11,4,20241224170417,24.18707,120.61154,7,1,"{'yb2': '4', 'eyb': '0'}"
495,台中市,Taichung City,YouBike2.0_福林國安二路口(東北側),西屯區,福林路/國安二路口(東北側),YouBike2.0_Fulin Rd. / Guo-an 2nd Rd.,Xitun Dist,Fulin Rd. & Guo'an 2nd Rd. Intersection (Northeast),500606180,15,3,20241224170220,24.19104,120.61665,12,1,"{'yb2': '3', 'eyb': '0'}"
496,台中市,Taichung City,YouBike2.0_東海大學_語文館,西屯區,力行路側(男宿21棟前),YouBike2.0_Tunghai University_Languge Building,Xitun Dist,Li Xing Rd. (Men's Residence 21 Building),500606181,22,12,20241224170118,24.18098,120.59938,10,1,"{'yb2': '0', 'eyb': '12'}"
497,台中市,Taichung City,YouBike2.0_東海大學_男生宿舍,西屯區,力行路/約農路口(西北側),YouBike2.0_Tunghai University_Men's Residence Hall,Xitun Dist,Li Xing Rd. / Yue Nong Rd. Intersection (Northwest),500606182,30,18,20241224170417,24.18055,120.60094,12,1,"{'yb2': '15', 'eyb': '3'}"
498,台中市,Taichung City,YouBike2.0_東海大學_路思義教堂,西屯區,德耀路/約農路口(西南側),YouBike2.0_Tunghai University_Luce Chapel,Xitun Dist,De Yao Rd. / Yue Nong Rd. Intersection  (Southwest),500606183,15,7,20241224164916,24.17943,120.60011,2,1,"{'yb2': '6', 'eyb': '1'}"
499,台中市,Taichung City,YouBike2.0_東海大學_基礎科學館,西屯區,科技路/求真路口(西南側),YouBike2.0_Tunghai University_Basic Science Building,Xitun Dist,Ke Ji Rd. / Qiu Zhen Rd. Intersection (Southwest),500606184,27,19,20241224165717,24.17761,120.59946,6,1,"{'yb2': '7', 'eyb': '12'}"
500,台中市,Taichung City,YouBike2.0_東海大學_女生宿舍,西屯區,篤信路/銘賢路口(南側),YouBike2.0_Tunghai University_Women's Residence Hall,Xitun Dist,Du Xin Rd. / Ming Xian Rd.  Intersection (South),500606185,20,17,20241224170518,24.17864,120.60199,3,1,"{'yb2': '16', 'eyb': '1'}"
501,台中市,Taichung City,YouBike2.0_東海大學_乳品小棧,西屯區,東海路51號(東北側),YouBike2.0_Tunghai University_Tunghai Dairy,Xitun Dist,"No. 51, Tunghai Rd. (Northeast)",500606186,30,6,20241224170417,24.1795,120.6062,22,1,"{'yb2': '6', 'eyb': '0'}"
502,台中市,Taichung City,YouBike2.0_東海大學_管理學院,西屯區,管理學院停車場內(力行路側),YouBike2.0_Tunghai University_College of Management,Xitun Dist,College of Management Parking Lot  (Li Xing Rd.),500606187,23,6,20241224170917,24.18298,120.61223,16,1,"{'yb2': '5', 'eyb': '1'}"
503,台中市,Taichung City,YouBike2.0_東海大學_二校宿舍,西屯區,力行路/湖東路(東北側),"YouBike2.0_Tunghai University_Student Residence Hall, Second Teaching Area",Xitun Dist,Li Xing Rd. / Hudong Rd. Intersection (Northeast),500606188,25,14,20241224165915,24.17986,120.61161,10,1,"{'yb2': '12', 'eyb': '2'}"
504,台中市,Taichung City,YouBike2.0_東海大學_鹿舍食加廠,西屯區,力行路停車場內(西北側),YouBike2.0_Tunghai University_Exprimental Deer Farm,Xitun Dist,Li Xing Rd. Parking Lot  (Northwest),500606189,25,8,20241224170717,24.18239,120.60984,17,1,"{'yb2': '7', 'eyb': '1'}"
505,台中市,Taichung City,YouBike2.0_臺中都會公園,西屯區,都會園路/都會園路1215巷口(東北側),YouBike2.0_Taichung Metro Park,Xitun Dist,"Duhuiyuan Rd. & Ln. 1215, Duhuiyuan Rd. Intersection (Northeast)",500606190,15,6,20241224115517,24.20761,120.59945,9,1,"{'yb2': '5', 'eyb': '1'}"
506,台中市,Taichung City,YouBike2.0_安和協和南巷口,西屯區,安和路/協和南巷口(西南側),YouBike2.0_Anhe Rd. / Xiehe S. Lane,Xitun Dist,Anhe Rd. / Xiehe S. Lane Intersection (Southwest),500606191,15,10,20241224170417,24.16372,120.61829,5,1,"{'yb2': '10', 'eyb': '0'}"
507,台中市,Taichung City,YouBike2.0_福星路654巷口,西屯區,福星路/福星路654巷口(東南側),YouBike2.0_Ln. 654 Fuxing Rd.,Xitun Dist,Fuxing Rd. / Ln. 654 Fuxing Rd. Intersection (Southeast),500606192,14,2,20241224165915,24.17347,120.64872,12,1,"{'yb2': '1', 'eyb': '1'}"
508,台中市,Taichung City,YouBike2.0_廣福路橋下籃球場,西屯區,中科路/廣福路156巷口(西北側),YouBike2.0_Guangfulu Bridge Basketball Court,Xitun Dist,"Zhongke Rd. / Ln. 156, Guangfu Rd. Intersection (Northwest)",500606193,12,1,20241223184115,24.20056,120.647,11,1,"{'yb2': '1', 'eyb': '0'}"
509,台中市,Taichung City,YouBike2.0_協和國小,西屯區,安和路99號(西南側),YouBike2.0_Sie He Elementary School,Xitun Dist,"No.99, Anhe Rd. (Southwest)",500606195,13,3,20241224171017,24.16944,120.61963,10,1,"{'yb2': '3', 'eyb': '0'}"
510,台中市,Taichung City,YouBike2.0_大鵬公園,西屯區,長安路二段71巷/長安路二段71巷5弄口(西北側),YouBike2.0_Dapeng Park,Xitun Dist,"Ln. 71, Sec. 2, Chang'an Rd. / Aly. 5, Ln. 71, Sec. 2, Chang'an Rd. Intersection (Northwest)",500606196,15,3,20241224170616,24.17367,120.66308,12,1,"{'yb2': '3', 'eyb': '0'}"
511,台中市,Taichung City,YouBike2.0_銀聯三村停車場,西屯區,何安二巷16號(東側),YouBike2.0_Yinliansancun Parking Lot,Xitun Dist,"No.16, Ln. 2, Hean (East)",500606197,15,0,20241224165018,24.16597,120.65775,15,1,"{'yb2': '0', 'eyb': '0'}"
512,台中市,Taichung City,YouBike2.0_協仁虹揚橋口,西屯區,協仁街/虹揚橋口(東北側),YouBike2.0_Xieren St. / Hongyang Bridge,Xitun Dist,Xieren St. / Hongyang Bridge Intersection (Northeast),500606199,15,5,20241223221116,24.173422,120.624911,9,1,"{'yb2': '5', 'eyb': '0'}"
513,台中市,Taichung City,YouBike2.0_漢口國中(忠義街),西屯區,忠義街/大有街口(西北側),YouBike2.0_Han Kou Junior High School (Zhongyi St.),Xitun Dist,Zhongyi St. / Dayou St.  Intersection (Northwest),500606200,18,0,20241224170817,24.161846,120.65856,18,1,"{'yb2': '0', 'eyb': '0'}"
514,台中市,Taichung City,YouBike2.0_上安路青海南街口,西屯區,青海南街191號旁,YouBike2.0_Shang'an Rd. / Qinghai S. St.,Xitun Dist,"No.191, Qinghai S. St.",500606201,16,2,20241224170118,24.17435,120.63498,14,1,"{'yb2': '2', 'eyb': '0'}"
515,台中市,Taichung City,YouBike2.0_福壽兒童公園,西屯區,甘州街19號對側,YouBike2.0_Fushou Children's Park,Xitun Dist,"No.19, Ganzhou St. (Opposite)",500606203,18,6,20241224165316,24.16434,120.65634,12,1,"{'yb2': '6', 'eyb': '0'}"
516,台中市,Taichung City,YouBike2.0_臺灣大道新興路口,西屯區,臺灣大道四段2147號,"YouBike2.0_Sec. 4, Taiwan Blvd. / Xinxing Rd.",Xitun Dist,"No2147, Sec. 4, Taiwan Blvd.",500606204,35,30,20241224170816,24.18262,120.59347,5,1,"{'yb2': '30', 'eyb': '0'}"
517,台中市,Taichung City,YouBike2.0_大容東大墩十九街口,西屯區,大容東街182號(對側人行道),YouBike2.0_Darong E. St. / Dadun 19th St.,Xitun Dist,"No.182, Darong E. St. (Opposite)",500606206,17,7,20241224165616,24.15929,120.65044,10,1,"{'yb2': '7', 'eyb': '0'}"
518,台中市,Taichung City,YouBike2.0_大墩公園,西屯區,大墩十九街193號對側,YouBike2.0_Dadun Park,Xitun Dist,"No.193, Dadun 19th St. (Opposite)",500606207,17,11,20241224170315,24.15858,120.6515,6,1,"{'yb2': '10', 'eyb': '1'}"
519,台中市,Taichung City,YouBike2.0_環中臺灣大道四段三巷口,西屯區,環中路三段/臺灣大道四段三巷口,"YouBike2.0_Sec. 3, Huanzhong Rd. / Ln. 3, Sec. 4, Taiwan Blvd.",Xitun Dist,"Sec. 3, Huanzhong Rd. / Ln. 3, Sec. 4, Taiwan Blvd. Intersection",500606208,15,10,20241224170118,24.17242,120.63284,5,1,"{'yb2': '10', 'eyb': '0'}"
520,台中市,Taichung City,YouBike2.0_大漁池文化公園,西屯區,烈美街57號對側,YouBike2.0_Da Yu Chi Cultural Park,Xitun Dist,"No.57, Liemei St. (Opposite)",500606210,16,3,20241224165316,24.17879,120.64213,13,1,"{'yb2': '3', 'eyb': '0'}"
521,台中市,Taichung City,YouBike2.0_大安公園,西屯區,大安街43號對側,YouBike2.0_Da'an Park,Xitun Dist,"No.43, Da'an St. (Opposite)",500606213,21,4,20241224170518,24.15803,120.65431,17,1,"{'yb2': '4', 'eyb': '0'}"
