,Tag,UserID,Content,Time
0,→,zzzzzzzzzzzy,岸花早小恩早阿雯早阿文早大家好,11/20 08:31
1,→,River79835,好久沒看到長榮試挫漲停,11/20 08:31
2,→,dennistao,好的空一口,11/20 08:31
3,推,intointo,大家安安  彈不彈？,11/20 08:31
4,推,swat11239,沒人開 丸子 人走茶涼 995,11/20 08:31
5,推,phoenixcx,早 賺錢,11/20 08:31
6,推,a069275235,馬來大你遲到！,11/20 08:31
7,推,s155260,多蛙邊吃布丁邊數錢,11/20 08:31
8,推,ethan0419,開嘎,11/20 08:31
9,噓,a83006,99公公窩套在山頂219洗碗風好大,11/20 08:32
10,推,yillusionwei,早安 美超微好噴,11/20 08:32
11,推,Kobe5210,飆風再起,11/20 08:32
12,推,maxman77,阿榮！,11/20 08:32
13,推,c1951,https://reurl.cc/eGx30W  股市高點歐印 賺更多啊?,11/20 08:32
14,→,wings0610,99大象啊啊啊啊啊 一人買一象明年生小象,11/20 08:32
15,推,jeff0025,丸子,11/20 08:33
16,推,gto9987,等等開盤應該直接漲100點以上,11/20 08:33
17,推,eeeee118,今天神達繼續噴噴嗎,11/20 08:33
18,推,CloudyWing,台指期紅，微台指綠？,11/20 08:33
19,→,zzzzzlss,23000 gogogo,11/20 08:33
20,→,sagarain,必勝必勝 台指必勝,11/20 08:33
21,推,clamperni,早,11/20 08:34
22,推,sunbox,開盤空航運三傻 無腦贏,11/20 08:34
23,→,victorfm,大家早安~~,11/20 08:34
24,推,Kobe5210,陸續回到正直善良價格中,11/20 08:34
25,推,gto9987,新手請問 未平倉空單要如何分辨是近月還遠月,11/20 08:34
26,推,intointo,昨天台股大漲300+    今天如何走呢？,11/20 08:34
27,推,Feverist,99大象,11/20 08:35
28,→,gobo,早安 睡飽飽起床屬前,11/20 08:35
29,推,jht,趁亂告白，晴雯救我,11/20 08:35
30,推,dreamdds,請支援接生小象,11/20 08:35
31,推,s0124665005,泰金寶漲停？,11/20 08:35
32,推,greenleaf520,99大象==,11/20 08:35
33,→,intointo,閒聊無量  要丸,11/20 08:35
34,推,mini178,我們的人 拉拉拉拉拉拉阿,11/20 08:35
35,推,eeeee118,大象沒同業競爭搶食博弈大餅之前  應該都很穩~~~,11/20 08:36
36,噓,distantblc,噴RRRR,11/20 08:36
37,→,intointo,日韓紅的  台股應該紅開吧?,11/20 08:36
38,推,HisVol,我們的人10點前拉過23100,11/20 08:37
39,噓,beta0907,戰爭就是股市大利多 舒服,11/20 08:37
40,推,ethan0419,小兒不認輸加空 就嘎上天,11/20 08:37
41,推,s155260,我們的人早就大賺了 你們的人在那裝我們的人,11/20 08:37
42,噓,YLTYY,我們的人 很會亂搓,11/20 08:37
43,→,idernest,https://i.imgur.com/o0ei9p4.jpeg,11/20 08:38
44,推,onlyforone,航運開高就是空,11/20 08:38
45,推,fbiciamib123,https://i.imgur.com/KA8r1Wq.gif,11/20 08:38
46,推,tomdavis,晶豪割加油 2022 10月低點快到了,11/20 08:38
47,→,tomdavis,等晶豪割60塊接一點等,11/20 08:39
48,推,tinoooii,"今天雙結,是不是要皮繃緊",11/20 08:39
49,推,Gipmydanger,https://i.imgur.com/GwdNAFR.png,11/20 08:39
50,推,fujioqq,泰金寶有種漲停阿 來啊,11/20 08:39
51,→,talesh35624,我們的人準備將大盤拉到23000！,11/20 08:40
52,推,patron22,看外資空單好像沒什麼意義，一堆現貨,11/20 08:40
53,推,jenchieh5,怎麼辦，全世界都覺得會漲,11/20 08:40
54,推,myloso,今日週結上看23000，還沒上車的要把握,11/20 08:40
55,→,s56565566123,全面樂觀豪恐怖,11/20 08:40
56,推,Usmall857,偷桃XDD,11/20 08:40
57,推,hot8899,https://i.imgur.com/Wm1XgLU.jpeg,11/20 08:40
58,→,fujioqq,我猜拉到23000多一點之後再殺回來結算22600 XDDD,11/20 08:40
59,推,a70327cow,2.3尖叫聲,11/20 08:41
60,→,beta0907,怎麼可能22600,11/20 08:41
61,推,zankuro,開高就是空,11/20 08:41
62,→,idernest,https://i.imgur.com/pf4zc6Q.jpeg,11/20 08:42
63,推,lastblade,感謝laptic 辛苦了,11/20 08:42
64,噓,Leo4891,今天震盪洗盤  明天輝達開財報決定方向,11/20 08:42
65,推,HisVol,壓低結算差不多150點，我們的人會拉到23200給你壓,11/20 08:42
66,→,fujioqq,不然盤中殺回22600附近 再拉回來22800結算 如何,11/20 08:42
67,→,bbcer,各位股神早,11/20 08:42
68,→,justin818281,去看夜盤核彈，那叫恐慌挖,11/20 08:42
69,→,justin818281,蛙集體竄出,11/20 08:42
70,推,guowei616,VVV 吵起來 快吵架,11/20 08:42
71,推,sosiealex,https://i.imgur.com/usbANKG.jpeg,11/20 08:43
72,推,wind123,衝啊 b t c,11/20 08:43
73,→,yannicklatte,台股拉回就是買，真的好簡單,11/20 08:43
74,噓,Crushredkiss,阿娘喂 鬼指要23000啦!!,11/20 08:43
75,推,simo520,貨櫃上啊,11/20 08:43
76,→,whatyousay,本來覺得936不行，結果前兩大持股長榮與華航，感覺,11/20 08:43
77,→,whatyousay,微妙,11/20 08:43
78,推,m21423,今天要繼續噴吧,11/20 08:43
79,推,chalon,我們的人還在公園淋雨 你們的人可以送點便當來嗎,11/20 08:43
80,噓,King5566,各位賭鬼早安,11/20 08:43
81,推,Seaware,結算回補 nv 財報 這波要噴到24500了,11/20 08:43
82,推,eeeee118,同致有趣  現貨搓紅燈  期貨搓到快綠燈,11/20 08:43
83,推,pttbechia,一定壓低結算,11/20 08:44
84,推,rated,我們的人早就空手等崩,11/20 08:44
85,推,victorfm,阿榮越搓越低，穩個240吧！拜託拜託,11/20 08:44
86,推,fujioqq,我們的人早就都財富自由了,11/20 08:44
87,推,justin818281,空蛙跟空手蛙最後的禱告,11/20 08:44
88,推,ct78645,全世界貨櫃都在跌  我就不信今天阿榮還紅的,11/20 08:45
89,推,littenVenus,馬來大早^O^,11/20 08:45
90,推,house911,鴻準期 ???,11/20 08:45
91,→,littenVenus,https://i.imgur.com/0g0uNxc.jpeg,11/20 08:45
92,噓,pongp0416,恐慌蛙要不要笑死我,11/20 08:45
93,噓,beta0907,鴻準怎麼跳水了….,11/20 08:45
94,推,rxsmalllove,？？？？？,11/20 08:45
95,推,s155260,阿蓉期創高,11/20 08:46
96,推,zerro7,全世界貨櫃都在跌? 平行世界嗎,11/20 08:46
97,→,littenVenus,雞掰卡蛙啾窩 Q_Q,11/20 08:46
98,推,sunbox,開盤空三傻,11/20 08:46
99,推,czg,"JOEJOE美債啊,怎股板閒聊人愈來愈少,都財富自由了?",11/20 08:46
100,推,xm3u4vmp6,不是爆噴嗎 怎麼期貨那麼爛,11/20 08:46
101,推,AnnWow,開盤全力放空鴻準,11/20 08:46
102,推,DustinFu,今天有吵架行情嗎???,11/20 08:47
103,噓,Crushredkiss,阿娘喂 有夠噴的啦!!,11/20 08:47
104,推,TIPPK,大象戳好高 今天會超過台積電嗎,11/20 08:47
105,噓,keigo800004,"台股上攻25,000↑↑↑↑",11/20 08:47
106,→,sunbox,阿蓉加油！,11/20 08:47
107,推,justin818281,沒有，昨天戰爭空蛙都死亡了,11/20 08:47
108,推,phoenixcx,怎麼噴這麼少,11/20 08:47
109,→,appledick,今天拉G盤？,11/20 08:47
110,推,a70327cow,沒GG的不用看,11/20 08:48
111,推,Lamigirls48,https://i.imgur.com/cjwceu3.jpeg,11/20 08:48
112,推,cablate,恐慌蛙又要失望！！,11/20 08:48
113,推,jokem,彈起來,11/20 08:48
114,→,DustinFu,沒有吵架的閒聊我可是不看的喔,11/20 08:48
115,→,Lamigirls48,美債就等對折停損再進場,11/20 08:48
116,推,wind123,安啦 23700 How to lose,11/20 08:48
117,→,maxman77,恐慌蛙直接開嘎！,11/20 08:48
118,推,kingofsdtw,我們的人都被水桶了,11/20 08:48
119,推,benptt,債蛙我，公園躺平中 ，勿擾！,11/20 08:48
120,推,cct1121,大爆V,11/20 08:48
121,推,smartpoky,外資空單嘎嘎嘎,11/20 08:48
122,推,michael0323,看來是要拉高結算了？,11/20 08:48
123,→,tinybunny,賣在起飆點?抱辣麼久漲就賣?,11/20 08:48
124,推,fujioqq,我們的人都去烏克蘭準備徒手接核彈了,11/20 08:48
125,推,WhaleYu,台股多蛙加油 玩完記得晚上來買輝達,11/20 08:48
126,推,lala8520,多蛙結算日嘎小兒,11/20 08:49
127,→,wind123,布丁早安 射了沒,11/20 08:49
128,→,justin818281,昨夜戰爭蛙創最短死亡紀錄,11/20 08:49
129,→,maxman77,戰爭恐慌蛙粗乃排排站好給傻多笑一笑,11/20 08:49
130,推,s56565566123,空手蛙？？？？？,11/20 08:49
131,推,joe2,美債。沒救,11/20 08:50
132,推,r22025,開高走低...不要懷疑,11/20 08:50
133,→,justin818281,被嘎到放棄台股的就是爆噴的保證,11/20 08:50
134,推,abc0806449,下週又要看24000了,11/20 08:50
135,推,a70327cow,債蛙昨天喊到我以為92 結果還在垃圾堆,11/20 08:50
136,推,pziix,空蛙不懂見好收 也是無言,11/20 08:50
137,→,wind123,我們的人 不怕他射 怕他不射 射不射都能爽 很簡單,11/20 08:50
138,推,sunbox,阿蓉加油^^,11/20 08:50
139,推,jwiww,恐慌蛙加油下次有下來真的要買,11/20 08:50
140,推,korgh413,軟了,11/20 08:51
141,推,hejte,死貓跳空,11/20 08:51
142,→,drpepperfish,我們的人已經把普丁核彈賣給外星人了,11/20 08:51
143,推,wings0610,joejoe大象人人有責 一人買一象 明年生小象,11/20 08:51
144,推,lala8520,不過今天如果大漲量還是沒出來的話建議跑一跑,11/20 08:51
145,噓,beta0907,鴻準-4%了….,11/20 08:51
146,推,Seaware,Nv財報昨天已經偷看答案了,11/20 08:51
147,推,greenleaf520,99大象,11/20 08:51
148,→,k102asdf,布丁鳩竟是你們的人還是我們的人,11/20 08:51
149,→,talesh35624,今天一樣會有11x的GG哥出來坦嘛,11/20 08:51
150,推,jerry10307,鴻準期貨有…綠燈的預兆,11/20 08:51
151,推,tigerzz3,鴻準期-4% 拚手速,11/20 08:51
152,→,baka1412,綠準嘻嘻,11/20 08:52
153,→,justin818281,戰爭蛙ID都要抄起來，送分題考古題還在全力空的時,11/20 08:52
154,→,justin818281,候都是好指標,11/20 08:52
155,推,a70327cow,等等換吹2231不要不信,11/20 08:52
156,推,deedo,大象！你的鼻子怎麼這麼大。象徵榮耀！！,11/20 08:52
157,推,cuteme5566,我昨天跟戈巴契夫通電話，他說沒事,11/20 08:52
158,→,baka1412,因為大股東賣股？？,11/20 08:52
159,推,fly1369,外星人幫射,11/20 08:52
160,→,jinhouse123,https://i.imgur.com/T1vbmfx.png,11/20 08:52
161,推,DPP48,今天又要吃負500套餐嗎QQ,11/20 08:52
162,推,koj,夜盤加空是哪招??現在是假拉嗎,11/20 08:52
163,→,piece1,10點錢至少要讓一邊哭出來....,11/20 08:52
164,噓,final01,你們的人給我上,11/20 08:52
165,推,wings0610,我們的人每人至少一張大象 明年至少兩張大象,11/20 08:53
166,推,Lowpapa,空蛙還有呼吸嗎???,11/20 08:53
167,推,sunbox,阿蓉衝衝衝,11/20 08:53
168,噓,beta0907,鴻準該不會要跌停吧操,11/20 08:53
169,推,chuntien,今天劇本就是被五日十日壓頭 明天突破,11/20 08:53
170,→,beta0907,-5.5%,11/20 08:53
171,噓,stanleyplus,大家都在船上吧  很簡單,11/20 08:53
172,推,leon7673,好噴好噴,11/20 08:53
173,推,joe2,萬海。想妳,11/20 08:53
174,推,cct1121,鴻準刺激了,11/20 08:53
175,→,jinhouse123,https://i.imgur.com/WOSs73E.png,11/20 08:54
176,推,littenVenus,布丁：烏拉烏拉!!!,11/20 08:54
177,推,metomman,高力今天又一根,11/20 08:54
178,→,chuntien,*十日跟月線,11/20 08:54
179,推,pttstock,噴噴噴 香噴噴,11/20 08:54
180,→,leon7673,衝啊 23000下個月結算24000,11/20 08:54
181,推,Lamigirls48,https://i.imgur.com/cjwceu3.jpeg,11/20 08:54
182,推,eliteark,今天要讓小兒想起被嘎爆的恐懼,11/20 08:54
183,推,autherlike,鴻準開法會加鴻海爸爸大賣,11/20 08:54
184,→,pttstock,等等就翻黑了 別急,11/20 08:54
185,推,wings0610,象軍 雄壯威武 嚴肅剛直！,11/20 08:55
186,→,Lamigirls48,https://i.imgur.com/92oPa9D.jpeg,11/20 08:55
187,→,tinybunny,https://i.imgur.com/Sbfw94c.jpeg,11/20 08:55
188,推,Comtw,https://i.imgur.com/z30rCFb.jpeg,11/20 08:55
189,→,scum5566,剛新聞寫鴻準水冷還在研發喔?,11/20 08:55
190,→,loom0et0bust,拉那麼高，該不會故意做球給外資殺個意思-.-,11/20 08:56
191,→,Leo4891,鴻準自己說開發散熱  短期無法獲利  短線客今天會,11/20 08:56
192,→,Leo4891,出場,11/20 08:56
193,→,baka1412,綠準,11/20 08:56
194,→,drpepperfish,鴻準敢留倉真的都英雄,11/20 08:56
195,→,beta0907,鴻準市撮跌停了,11/20 08:56
196,推,czg,我們的人 都在船上且有大象,11/20 08:56
197,→,baka1412,期貨狂殺,11/20 08:56
198,推,Mosskappa,抄底蛙:沒量啊,11/20 08:57
199,推,jerry10307,鴻準短線客應該市價出掉了。還是賺,11/20 08:57
200,推,lala8520,昨晚睡前抄一口820多單 掛960看能不能賣,11/20 08:57
201,推,tigerzz3,鴻準期貨第一盤就該逃了,11/20 08:57
202,推,astrokid,鴻準？,11/20 08:57
203,→,piece1,不要縮阿...俗辣,11/20 08:57
204,推,koj,中計了，快逃,11/20 08:57
205,推,house911,期貨月結算日  外豬今天想 ???,11/20 08:57
206,→,tigerzz3,法說沒料+爸爸賣股 你不逃 大家會拚手速逃,11/20 08:57
207,推,nike0511,昨天外資加空2600...在做什麼意思啊,11/20 08:58
208,→,CHENXOX,今天適合抽插,11/20 08:58
209,→,bbcer,"高歌離席,太神啦XD",11/20 08:58
210,推,ntuooo,塊陶,11/20 08:58
211,推,kmshy,無聊盤等明天開獎 今天又是股版大師分享持股和安姐,11/20 08:58
212,→,kmshy,ㄧ搭一唱的日常,11/20 08:58
213,推,a70327cow,5876已死,11/20 08:59
214,→,rockmaxdash,鴻準今天就不要跌停 我會吐血,11/20 08:59
215,推,hejte,跌100侍候！,11/20 08:59
216,噓,qscxz,https://i.imgur.com/0pRaX9I.jpeg,11/20 08:59
217,推,dtes50608100,準備殺爆傻逼多蛙,11/20 08:59
218,推,sunbox,阿蓉加油！,11/20 08:59
219,推,lazikat,Vvvvvvvvvv,11/20 08:59
220,→,b0364864,鴻準炒個夢而已,11/20 08:59
221,推,jenchieh5,最後的誘多 死亡列車！！！！,11/20 09:00
222,推,scum5566,鴻準來真的 RESPECT,11/20 09:00
223,噓,beta0907,99鴻準….,11/20 09:00
224,噓,YOYOISGOOD,刺激囉 結算日外資有40000空單,11/20 09:00
225,→,blacklight27,大爆噴，昨天晚上果然誤會一場,11/20 09:00
226,推,dick0209,船開高都沒好事,11/20 09:00
227,→,zzzzzlss,要23000啦…,11/20 09:00
228,推,sexybox,阿榮300,11/20 09:00
229,推,lakershank,沒想到還有人看試搓做股票哦..XD,11/20 09:00
230,推,kingofsdtw,https://i.imgur.com/bLHKqnQ.jpeg,11/20 09:00
231,推,yumin88889,準哥怎麼了,11/20 09:00
232,推,vc39,誰在搞華碩？,11/20 09:00
233,→,talesh35624,大象怎麼又拉高了,11/20 09:00
234,推,lepidoptera,23000,11/20 09:01
235,推,SeaForest,噗呲 那個綠準大家都不要了,11/20 09:01
236,→,NaouZ,阿榮出貨？,11/20 09:01
237,→,sexybox,一鍵停損電子爛股 轉往資金避風港,11/20 09:01
238,噓,Crushredkiss,小正2 小飛象 舒服,11/20 09:01
239,推,chuntien,阿榮有人在倒,11/20 09:01
240,→,blacklight27,今天摸個月線吧,11/20 09:01
241,推,romenticpoet,https://i.imgur.com/7mDKYVv.jpeg,11/20 09:01
242,推,Vanquze,4770要加碼要快嘿… 別說我沒預告！,11/20 09:01
243,噓,sanos168,今天是結算日，小心外資耍花招,11/20 09:01
244,噓,final01,買大象不如買阿榮,11/20 09:01
245,推,wzs30962,大象快回1000,11/20 09:01
246,推,rwhung,鴻準這幾天超振的,11/20 09:01
247,→,piece1,瘋狗快拉...差兩擋就能賣掉成交了!!,11/20 09:01
248,推,scum5566,鴻準刷好快 逃難波XDDDD,11/20 09:01
249,推,huan402,鴻海衝啊,11/20 09:01
250,→,SeaForest,綠準今天準備吃大綠棒,11/20 09:01
251,→,chuntien,大象一天一條線,11/20 09:01
252,推,justin818281,還在誘多傻了,11/20 09:01
253,推,sunbox,阿蓉開盤空 賺錢豪煎蛋,11/20 09:02
254,推,ProJ,我們的人魚尾留給別人賺,11/20 09:02
255,推,bear31223,鴻準 融資大逃殺！,11/20 09:02
256,噓,YOYOISGOOD,台積1050了耶 哪些ID說不能買的 還要800接的？出聲,11/20 09:02
257,→,YOYOISGOOD,啊,11/20 09:02
258,噓,mecca,又噴噴哪~~~~~~~~~~~~~~~~,11/20 09:02
259,推,a210510,大象又要嘎人了,11/20 09:02
260,推,Lamigirls48,神達499連刷XDDDD,11/20 09:02
261,→,idernest,https://i.imgur.com/SUuKoLr.jpeg,11/20 09:02
262,→,lakershank,華碩在那亂搓搞到緩開有夠87,11/20 09:02
263,推,tieneun,大象快回千吧!,11/20 09:02
264,→,wzs30962,大象又要1000了,11/20 09:02
265,推,jayemshow,99公公,11/20 09:02
266,推,zzooazsx,大象今天漲真的假的啦,11/20 09:02
267,推,pyh888,我象慈悲！,11/20 09:02
268,推,p95649564,公公營建 噴,11/20 09:02
269,推,a6435966,爪爪金聽到股利可能2元以上大漲,11/20 09:02
270,→,YOYOISGOOD,整天騙新人賣台積電 到底是何居心 害人家賺不到錢,11/20 09:02
271,推,kobe30418,靠北 台50跟正二漲幅差不多,11/20 09:02
272,→,mecca,軋爆小鵝樂陶陶QQ,11/20 09:02
273,推,s0124665005,泰金寶衝啊,11/20 09:02
274,推,nicexd,靠北網家洗勒,11/20 09:02
275,推,HisVol,逆價差就是預告結算要搞,11/20 09:03
276,推,wings0610,象軍永遠忠貞！,11/20 09:03
277,推,tigerzz3,乙盛搓燈,11/20 09:03
278,推,nightop,好像怪怪的,11/20 09:03
279,推,on32,昨天說WW3 什麼的 不就又要消失了 真笑死,11/20 09:03
280,推,gto9987,今天不可能翻黑的,11/20 09:03
281,推,dtes50608100,沒人要玩，開高收最低,11/20 09:03
282,噓,beta0907,鴻準看起來有撐,11/20 09:03
283,推,lala8520,靠北960沒賣到 差一點點！！,11/20 09:03
284,推,axsz795130,雯晴早安 大家早,11/20 09:03
285,→,wings0610,Yo哥是說誰XD,11/20 09:03
286,推,bear31223,神達8萬張融資衝啊 繼續嘎,11/20 09:03
287,推,GivemeApen,https://i.imgur.com/JX7Wuus.jpeg,11/20 09:03
288,推,joe2,大象  奮發,11/20 09:03
289,推,pttstock,稍安勿躁,11/20 09:04
290,推,lepidoptera,一副要崩的樣子,11/20 09:04
291,推,shizukun0103,中環買公公又贏了…,11/20 09:04
292,推,chungj,兩元金 衝啊,11/20 09:04
293,→,Bashar,逆價差?,11/20 09:04
294,推,s155260,說船開盤空好賺的從200空到237了,11/20 09:04
295,推,abc5555990,前天抄底真爽,11/20 09:04
296,→,idernest,台灣象跟美國象都很強,11/20 09:04
297,推,DustinFu,"AI買公公,海運買公公,營建買公公",11/20 09:04
298,推,qwe741159,鴻準下去！,11/20 09:05
299,→,fps5566,救命,11/20 09:05
300,噓,m719084,大中計！結算硬要殺低,11/20 09:05
301,推,edweepvp,公公好硬,11/20 09:05
302,推,a210510,兩元金開噴,11/20 09:05
303,推,dtes50608100,ww3都要來了有人還在裝睡,11/20 09:05
304,推,k23043419,鴻準怎麼啦？,11/20 09:05
305,推,casterxxx,喔喔喔爪爪威武,11/20 09:05
306,→,GivemeApen,美國象是哪檔？？,11/20 09:05
307,→,pttstock,追買得小心喔,11/20 09:05
308,→,melonQ,https://i.imgur.com/SYX44yn.jpeg,11/20 09:05
309,推,lazikat,今天不可能收黑,11/20 09:05
310,推,answermangtr,台股無視布丁,11/20 09:05
311,推,zzzzzzzzzzzy,每天給你希望，再給你絕望,11/20 09:05
312,推,SeaForest,鴻準從99殺到87了XDDDDD,11/20 09:05
313,推,yuanmi1283,看起來是要壓低結算了,11/20 09:05
314,推,jwiww,今天沒意外應該是壓低結算因為垃圾自營一堆空單,11/20 09:05
315,推,smalljuju,中租又要重置成本了嗎@@,11/20 09:05
316,→,idernest,美國象-》共和黨,11/20 09:05
317,推,axsd,台股簡單不會跌,11/20 09:06
318,→,melonQ,鴻準就鴻海粑粑處分了咩,11/20 09:06
319,推,lala8520,還好920先賣了 小兒要開殺了,11/20 09:06
320,推,joe2,航運今天休息,11/20 09:06
321,→,loom0et0bust,亞光碰季線又再殺，都沒真心做長的-.-,11/20 09:06
322,推,ck6m454,權值股會不會砸盤呢,11/20 09:06
323,→,SeaForest,綠準五告舒服,11/20 09:06
324,推,lyenia,大成鋼加油！,11/20 09:06
325,→,beta0907,鴻準還有救嗎,11/20 09:06
326,→,bbcer,鴻準也太精采了XD,11/20 09:06
327,推,qw5980162,謝fj 分享的3628,11/20 09:06
328,噓,YOYOISGOOD,五日線都可反壓https://i.imgur.com/hi4bRs5.jpeg,11/20 09:06
329,→,piece1,我的中小又趴了...先下去等權值了,11/20 09:06
330,→,joe2,啞光  壞分子,11/20 09:06
331,→,pttstock,當外資空單吃素的??,11/20 09:06
332,推,jefflin0824,盤好弱,11/20 09:06
333,推,sunbox,啊蓉快點下去探親,11/20 09:06
334,推,HisVol,小兒擺明結算要壓，能不能壓成功倒不確定,11/20 09:07
335,推,leon7673,還紅的啊 空軍加油,11/20 09:07
336,推,tieneun,大象又下去了,11/20 09:07
337,噓,Crushredkiss,布丁 空蛙 真的不給力餒..,11/20 09:07
338,→,brain9453,逆價差？,11/20 09:07
339,推,cool189,戰爭蛙哭暈在阿呆谷,11/20 09:07
340,→,pttstock,鴨台積就下去了,11/20 09:07
341,推,czg,"用重置成本這招,之前部份停損就能不用賠?我能用嗎",11/20 09:07
342,噓,stanleyplus,大家都在船上吧  很簡單,11/20 09:07
343,推,eeeee118,鴻準真慘  大股東賣股票新聞出來  這麼傷,11/20 09:07
344,推,greenleaf520,媽媽!!!!!!!!!!!!!!!!,11/20 09:07
345,推,dch44dyw,大象又出貨,11/20 09:08
346,推,zzooazsx,大象也太軟,11/20 09:08
347,噓,r30385,瘋狂出貨.....救命啊啊啊啊啊啊啊啊啊啊啊啊啊啊,11/20 09:08
348,推,qw5980162,今天先獲利了結,11/20 09:08
349,→,blue1204,崩?,11/20 09:08
350,推,sam2255,船還是很硬航酸不給力,11/20 09:08
351,推,Obama19,鴻海人道走廊開了,11/20 09:08
352,→,beta0907,鴻準還是有人在偷吃貨,11/20 09:08
353,推,lepidoptera,今天結算 懂的就懂,11/20 09:08
354,→,loom0et0bust,拜託櫃買撐起來啊….,11/20 09:09
355,→,eeeee118,大象沒同業競爭搶食博弈大餅之前  應該都很穩~~~,11/20 09:09
356,推,ct78645,阿榮還那麼硬？不合理呀  是因為我賣了？？,11/20 09:09
357,推,nikeair0207,鴻準抄底準備,11/20 09:09
358,推,yuanmi1283,反黑預備,11/20 09:09
359,→,Leo4891,鴻海廣達都在漲  穩了吧？,11/20 09:09
360,噓,sunbox,三傻當沖空已停損 來去睡了,11/20 09:09
361,→,mirror487,99我們的人,11/20 09:09
362,推,venusvirus,爪爪怎麼噴上去,11/20 09:09
363,推,kuominj,普丁會射嗎？,11/20 09:09
364,推,zjeff1,我們的人加油啊,11/20 09:09
365,推,ethan0419,小兒壓不下去就慘了,11/20 09:09
366,推,GivemeApen,https://i.imgur.com/x15IoCr.jpeg 大象又倒了,11/20 09:09
367,→,baka1412,https://i.imgur.com/7ld6N4D.png,11/20 09:09
368,推,joe2,要不要上船  避難?,11/20 09:09
369,推,hot8899,https://i.imgur.com/VYQtlzF.jpeg,11/20 09:09
370,→,venusvirus,說好要倒爛的啊,11/20 09:09
371,推,Liandh,713摸一下55.6，拜偷,11/20 09:09
372,推,alpho,今天元大app怎麼這麼卡,11/20 09:10
373,推,poorcharles,https://i.imgur.com/EZX4jdl.jpeg,11/20 09:10
374,→,zzzzzlss,不是這樣吧…,11/20 09:10
375,推,nowhere1326,萬海睡很久了 歡迎回來,11/20 09:10
376,推,jenchieh5,外資 川普 普丁都是我們的人,11/20 09:10
377,噓,s155260,開盤空船的又賠錢囉 嘴砲空蛙,11/20 09:10
378,→,Bashar,量比昨天還少?,11/20 09:10
379,→,blue1204,CPO在幹嘛= =,11/20 09:10
380,→,victorfm,阿榮的城牆還沒出現~~漲漲漲,11/20 09:10
381,推,YOYOISGOOD,台積上面就月線和10日線 過去不算太難,11/20 09:10
382,推,superamd,靠盃 長榮吃錯藥啦,11/20 09:10
383,推,chungj,Nuclear launch detected    布丁:哈哈哈,11/20 09:10
384,推,HisVol,小兒壓不下去今天就有大場面看了,11/20 09:10
385,推,Kobe5210,抱緊吧，一堆人預設立場賣飛囉～,11/20 09:10
386,推,cool189,爪爪加油,11/20 09:10
387,推,zzzzzzzzzzzy,一大早就開船想逼死誰,11/20 09:11
388,推,tnssh211448,中華衝好快,11/20 09:11
389,→,jayemshow,AAAAAAAAAAAAAAAAAAAAAAAAAAAAAAAAAA,11/20 09:11
390,噓,sunbox,三傻在拉什麼意思的,11/20 09:11
391,推,astrokid,鴻準拉逃命波？,11/20 09:11
392,推,kobe30418,怎麼A了,11/20 09:11
393,推,abc0806449,小兒突然想到我還有貨可以倒？,11/20 09:11
394,噓,m719084,媽媽～～～～,11/20 09:11
395,推,ming210706,阿達出貨中,11/20 09:11
396,推,nightop,救人啊 瀑布殺了,11/20 09:11
397,推,nicexd,同志qq,11/20 09:11
398,推,weidersin,開高空。 賺爛,11/20 09:11
399,→,blue1204,跳水啦 塊陶阿,11/20 09:11
400,推,shizukun0103,塊陶鴨！,11/20 09:11
401,推,Lowpapa,我們的人全數賣光了  後面留給你們的人賺,11/20 09:11
402,→,Leo4891,gb200 正規軍  穩定向上  這盤沒很差,11/20 09:11
403,推,TP62842UL3,展達衝啊,11/20 09:11
404,推,eeeee118,同致噴噴,11/20 09:12
405,→,zaqwsxjason,救命啊,11/20 09:12
406,→,mirror487,外資最近收這麼多陽明什麼時候會倒出來啊怕,11/20 09:12
407,→,piece1,差一腳而已...踹一下就倒了!要不要做而已,11/20 09:12
408,→,lmc66,崩崩崩,11/20 09:12
409,推,eliteark,揪命,11/20 09:12
410,推,yh0065,AAAAA,11/20 09:12
411,噓,stanleyplus,上船搭船很簡單,11/20 09:12
412,推,Vanquze,4770要加碼要快嘿… 別說我沒預告！,11/20 09:12
413,推,whitetiger,輪胎開漲 布局中上游台橡\,11/20 09:12
414,推,zankuro,結算日最後上車機會 等等大爆V,11/20 09:12
415,→,idernest,https://i.imgur.com/ZA5TwDa.jpeg,11/20 09:12
416,推,processor,翻黑,11/20 09:12
417,推,lala8520,直接翻黑 多蛙高潮不到半小時,11/20 09:12
418,推,tigerzz3,阿明阿榮 諾亞方舟,11/20 09:12
419,推,kymsug,漢唐波動也太大,11/20 09:12
420,噓,scum5566,崩爛,11/20 09:12
421,推,poorcharles,https://i.imgur.com/KLKeqWM.jpeg,11/20 09:12
422,推,yuanmi1283,鬼指弱 果然適合做空,11/20 09:12
423,推,alpho,點一下都要轉半天 今天元大到底,11/20 09:12
424,→,A7777777Z,怎麼回檔了～～～～～～,11/20 09:12
425,推,rated,多蛙太早高潮不持久,11/20 09:12
426,推,gto9987,乾 我馬上被打臉,11/20 09:12
427,噓,YOYOISGOOD,今天不是NV概念股的 肯定要被壓低結算了,11/20 09:12
428,→,gto9987,我就不信還會破夜盤底 不可能！,11/20 09:12
429,→,zzzzzlss,啊啊啊啊啊啊啊啊啊啊,11/20 09:12
430,噓,Crushredkiss,長榮現在大概183 離233學長越來越近了,11/20 09:13
431,推,sunshine142,看起來今天是要壓低結算了 當沖一下做空好了,11/20 09:13
432,→,scum5566,昨天淨空單大減 今天崩崩?,11/20 09:13
433,推,michael0323,嚇甩磨，結算應該會收紅吧,11/20 09:13
434,推,dch44dyw,台積電來了,11/20 09:13
435,→,josephpu,https://i.imgur.com/09nsfsH.png,11/20 09:13
436,推,dtes50608100,還有多蛙vv叫嗎,11/20 09:13
437,推,welcome,盤前小拉一根是為了現在割韭菜,11/20 09:13
438,推,s155260,超級amd這周賺一輛超跑了,11/20 09:13
439,推,justin818281,嚇。甩。磨,11/20 09:13
440,→,ojh,4萬口空單大崩殺開始了 要撿也是等明天再說,11/20 09:13
441,→,piece1,這種死人骨頭量..錢多的說話,11/20 09:13
442,推,frlair,高割離席,11/20 09:13
443,推,clamperni,看來今天又要吃綠棒棒了,11/20 09:13
444,推,AnnWow,外資空單那麼多怎麼可能收紅,11/20 09:13
445,推,lweis,隔日沖發威啦,11/20 09:13
446,→,stanleyplus,半導體已死  當水手很簡單,11/20 09:13
447,推,chungj,大顆布丁來了 好好享受,11/20 09:13
448,→,poorcharles,https://i.imgur.com/CEO2WDb.jpeg,11/20 09:13
449,→,baka1412,結算睡覺,11/20 09:13
450,推,ccmacker,腫麼A惹！？救命！,11/20 09:13
451,噓,sanos168,外資又耍賤了,11/20 09:13
452,→,idernest,https://i.imgur.com/tcZjNSF.jpeg,11/20 09:13
453,→,ntuooo,塊陶啊,11/20 09:13
454,推,silentforest,怎麼會這樣,11/20 09:13
455,推,HisVol,小兒就這？,11/20 09:13
456,→,blue1204,光0又再亂噴啦,11/20 09:14
457,推,Lowpapa,抱歉  是我們的人量太大,11/20 09:14
458,推,mopa,師傅成本要不要再重置一次？,11/20 09:14
459,→,RTX3080TI,https://i.imgur.com/6WiSao8.jpeg,11/20 09:14
460,推,a0939877325,快逃啊,11/20 09:14
461,推,kducky,狂崩-12點,11/20 09:14
462,推,starport,我們的人,11/20 09:14
463,推,s56565566123,全面樂觀最為致命,11/20 09:14
464,推,zick8932511,台股最爛 沒有之二,11/20 09:14
465,推,iceman321,阿達今天還有戲嗎,11/20 09:14
466,推,zzooazsx,大象走勢跟昨天一樣,11/20 09:14
467,推,yijuya,兆利下課了,11/20 09:14
468,→,talesh35624,中租又往下探了,11/20 09:14
469,推,dosiris,普丁：還有人說我塑膠做的嗎,11/20 09:14
470,噓,gc1319,app超卡幹,11/20 09:14
471,推,wings0610,大象今天站穩1000就好 衝啊啊啊啊啊,11/20 09:14
472,推,yayohola,媽媽 救命,11/20 09:14
473,推,lepidoptera,今天難漲 結算完 明天財報公布後再看看,11/20 09:14
474,推,YOYOISGOOD,外資盤中就能線結算空單了 誰規定一定要收盤,11/20 09:14
475,→,justin818281,普丁：我還真的是塑膠,11/20 09:14
476,→,poorcharles,https://i.imgur.com/1gQICqM.jpeg,11/20 09:14
477,→,Leo4891,cpo 散熱 都在噴  行情沒很差阿,11/20 09:15
478,→,zzooazsx,待會大象應該一千，然後A爛,11/20 09:15
479,推,finix000,大象等下就上去了,11/20 09:15
480,→,just007,一天一中租 套著配也...,11/20 09:15
481,推,cct1121,開壓~,11/20 09:15
482,推,chachabo,靠腰，誰在連發gg,11/20 09:15
483,→,onepiece7,鴻準每天波動都這麼大喔,11/20 09:15
484,推,tieneun,大象vvvvv,11/20 09:15
485,推,astrokid,布丁：殺盤就殺盤不要扯到我,11/20 09:15
486,→,blue1204,聯亞 嘎報,11/20 09:15
487,推,welcome,吞掉昨天紅K,11/20 09:15
488,→,bbcer,啾命,11/20 09:15
489,推,romenticpoet,https://i.imgur.com/vGKKmOY.jpeg,11/20 09:15
490,推,scum5566,3706啾命,11/20 09:15
491,推,ming210706,聯亞 鎖,11/20 09:16
492,推,dtes50608100,一群傻多，利空還沒發酵以為自己是股神,11/20 09:16
493,→,poorcharles,https://i.imgur.com/VHXALQQ.jpeg,11/20 09:16
494,推,kaku413,黑手在怕什麼啦,11/20 09:16
495,推,slipknot2042,看713 紅色 有點意外呀,11/20 09:16
496,推,bear31223,神達 鴻準 融資開始出貨？,11/20 09:16
497,推,hkcdc,2354,11/20 09:16
498,推,iceman321,達哥這K線穩打打,11/20 09:16
499,→,wings0610,說a爛快去空大象 祝你賺錢,11/20 09:16
500,推,wzs30962,940一直倒大象,11/20 09:17
501,推,SeaForest,https://i.imgur.com/jcaNChL.jpeg,11/20 09:17
502,→,appledick,今天這啥爛盤啊 （哈欠,11/20 09:17
503,推,ct78645,船要沉了嗎？,11/20 09:17
504,推,dick0209,船快撐不住啦,11/20 09:17
505,推,Elviskang,今天櫃買很撐啊,11/20 09:17
506,推,cjo76223,鴻準標準洗人,11/20 09:17
507,推,joe2,低波動的市場   713就活了,11/20 09:17
508,→,weekman,3211都進處置了，還狂飆,11/20 09:17
509,推,q22w,神達大場面要來了嗎,11/20 09:17
510,→,victorfm,唉~看來今天沒戲了！來專心上班,11/20 09:17
511,推,a210510,中信兄弟象站起來,11/20 09:17
512,推,YOYOISGOOD,請教利空哪時會發酵 ？ 可否給個預估,11/20 09:17
513,推,almanch,3211 好強  關不住,11/20 09:17
514,推,ming210706,阿達出貨下山,11/20 09:17
515,→,joe2,沒海浪  低波動  船就緩了   713與航運是負相關,11/20 09:17
516,→,almanch,3211 要20分盤了,11/20 09:18
517,→,Ilou,919這個跳空不錯喔,11/20 09:18
518,推,jerry10307,神達準備墓碑線插針…套牢量放大,11/20 09:18
519,噓,Kyameron,噗通噗通跳下水～蛤蟆不吃水 太平年！,11/20 09:18
520,噓,oplk,爪爪金！,11/20 09:18
521,推,s7598261,又撐盤不敢放,11/20 09:18
522,推,justin818281,卡哇衣,11/20 09:18
523,推,superamd,熟悉得長榮最對味,11/20 09:18
524,推,BABY19831016,一堆傻空嘴秋，3個月24000後公佈截圖恥笑你,11/20 09:18
525,噓,angeltear15,金融最後一棒,11/20 09:19
526,推,zzzzzzzzzzzy,鴻海和鴻準都不錯，那就買雙鴻吧！,11/20 09:19
527,→,Kyameron,台積勃起反攻！！！！！,11/20 09:19
528,推,mopa,師傅 我中租也要重置成本,11/20 09:19
529,推,dtes50608100,早盤跳進去的傻多自己舉手,11/20 09:19
530,→,justin818281,靠Baby的傻空筆記本了,11/20 09:19
531,推,ravelson,3211持續衝，讚,11/20 09:19
532,推,CRonaldo07,台光電兇狠,11/20 09:19
533,推,chungj,兩元金漲不到兩塊 要出貨了,11/20 09:19
534,噓,YOYOISGOOD,23700殺到23500 大概也殺1200點了,11/20 09:19
535,→,ojh,航運感覺要咕嚕了 是我昨天上船的關係嗎,11/20 09:19
536,推,simo520,台光電、貿聯ky送分題,11/20 09:19
537,推,titay333,長榮撐住平盤沒問題吧,11/20 09:19
538,→,beta0907,鴻準好撐,11/20 09:19
539,推,allenJr,其實可以去下月佈局就好了，今天期貨不要和外資玩,11/20 09:19
540,→,allenJr,結算,11/20 09:19
541,推,ming210706,聯亞開,11/20 09:19
542,→,bryan2262,拉低結算？,11/20 09:19
543,→,piece1,垃圾小兒昨天買個100億..今天就穩穩地出!真爽,11/20 09:19
544,推,iNtThunder,羨慕中租 每天都能夠更便宜 攤平,11/20 09:19
545,推,shiii,等下高盛的113連發就出來了,11/20 09:19
546,推,xephon,哦哦哦,11/20 09:20
547,→,Kyameron,買台積好安心！！！！,11/20 09:20
548,推,poorcharles,長榮衝好快！(俯衝),11/20 09:20
549,→,appledick,昨天衝進去撿的483在發抖了,11/20 09:20
550,→,iNtThunder,沈船拉 好多浮在水上,11/20 09:20
551,推,lmc66,記住緩漲急跌是多頭,11/20 09:20
552,→,zzzzzzzzzzzy,99阿榮QQ嗚嗚,11/20 09:20
553,→,allenJr,你不知道怎麼結呀，但是拼一天幹嘛，買12期指還能慢,11/20 09:20
554,→,allenJr,慢蹲,11/20 09:20
555,推,wind123,我們的人 同致賣飛了,11/20 09:20
556,→,appledick,垃圾自淫 年底結算潮 真是垃圾,11/20 09:20
557,推,hey0415,光聖等這麼久當然是拉高出貨啊。傻多,11/20 09:21
558,推,azurewrath00,我們的人怎麼開始下船了,11/20 09:21
559,推,m3388,聯亞聯亞得第一,11/20 09:21
560,推,joe2,航運  休息,11/20 09:21
561,→,wind123,還有亞光 衝啊,11/20 09:21
562,推,lweis,乾..破年線賣了才反彈,11/20 09:21
563,→,zzzzzlss,不可能翻黑。             吧…,11/20 09:21
564,推,wzs30962,長榮XDD,11/20 09:21
565,推,shiii,https://i.imgur.com/41irAbb.jpeg,11/20 09:21
566,噓,YOYOISGOOD,外資為了結算空單先壓下來120點了 還會繼續發力嗎,11/20 09:21
567,→,zzzzzzzzzzzy,我們的人乘坐橡皮艇逃生,11/20 09:21
568,推,f204137,成熟點吧 整天找師傅吃奶嘴...,11/20 09:21
569,推,ss410186,中租有什麼魔力，從去年180幾就喊低接到現在，一樣,11/20 09:21
570,→,ss410186,慘的四寶已經沒人提了,11/20 09:21
571,→,sssallen,控的不錯  洗一洗,11/20 09:22
572,推,tigerzz3,爪爪金這麼猛,11/20 09:22
573,→,appledick,死 反 彈,11/20 09:22
574,推,tomdavis,今天應該就上沖下洗結平盤附近了吧,11/20 09:22
575,推,hkcdc,怎麼A了,11/20 09:22
576,推,bear31223,鴻準隔日沖賠死 被鴻海賣股害慘..,11/20 09:22
577,推,a210510,長榮這個斜率 12點就亮燈了,11/20 09:22
578,→,zzzzzzzzzzzy,師傅早安,11/20 09:22
579,→,wind123,笑死,11/20 09:22
580,→,a210510,2元金要重返38了,11/20 09:22
581,推,ProJ,我看是11點,11/20 09:22
582,→,rockmaxdash,鴻準快半小時了還沒綠燈 難道能抄底,11/20 09:22
583,噓,OhMyHair,又在亂跌 搞什麼,11/20 09:22
584,推,mosaisme,請問今天神達的購買策略？應該做當沖嗎？,11/20 09:22
585,噓,Crushredkiss,中信金怎麼一支獨秀,11/20 09:23
586,推,dick0209,阿榮下船是回本了吧，含股利套山頂也解套了,11/20 09:23
587,推,allenJr,沒什麼魔力，就兩百多殺下來18X一堆人覺得便宜，位,11/20 09:23
588,→,allenJr,階低了XD,11/20 09:23
589,推,sck5211,我們的人是不是在出貨了！！！,11/20 09:23
590,推,driverning,午後變盤？,11/20 09:23
591,推,dtes50608100,十點準時開殺，先吃早餐,11/20 09:23
592,推,GN02209611,44987，空地沒45000都穩,11/20 09:23
593,推,dennis50253,今天外資用命擋漲,11/20 09:23
594,推,venusvirus,爪爪38！,11/20 09:23
595,推,s155260,看推文以為長榮大崩,11/20 09:23
596,推,beforehand,長榮綠了,11/20 09:23
597,→,s155260,難怪只有我們的人數錢,11/20 09:23
598,推,almanch,3015 4千張鎖不住....要出貨了?,11/20 09:23
599,推,xephon,沒殺意，感覺外資是轉倉繼續空,11/20 09:23
600,噓,YOYOISGOOD,FJ大操作中租有單我尊重 但某人整天喊卻沒看過單,11/20 09:23
601,推,wind123,翻黑很正常啊,11/20 09:24
602,推,pziix,可以殺權值了嗎,11/20 09:24
603,→,pig4321,鴻準下去了,11/20 09:24
604,推,mengze3084,外資很用力捏,11/20 09:24
605,→,allenJr,然後有人說是被壓價啦，有人會幫抬，就一路壓了，,11/20 09:24
606,→,allenJr,壓到那時不知道,11/20 09:24
607,推,Lowpapa,你們的人怎麼撐不住了,11/20 09:24
608,→,appledick,GG賣爛囉,11/20 09:24
609,推,pypy93264,中租100收,11/20 09:24
610,→,blue1204,大盤繼續爛,11/20 09:24
611,→,YOYOISGOOD,一直讓人進去被套 無言,11/20 09:24
612,推,astrokid,鴻準掰了,11/20 09:24
613,推,goodapple807,我們的人撐住阿,11/20 09:24
614,推,scum5566,鴻綠直奔燈,11/20 09:24
615,→,appledick,拉一天 倒10天,11/20 09:24
616,噓,beta0907,99鴻準啊…..,11/20 09:24
617,推,ethan0419,小兒又想砸,11/20 09:24
618,推,freshman,到底要今天加碼還是明天啊 看不懂捏,11/20 09:24
619,推,otsuka123,鞭子高舉起來抽下去,11/20 09:24
620,推,sirins,神達掰了,11/20 09:24
621,推,takeda3234,怎麼崩了,11/20 09:24
622,推,Gipmydanger,隨便買想虧錢都很難https://i.imgur.com/u4oTras,11/20 09:24
623,推,nightop,神達拼命出貨欸,11/20 09:24
624,→,dtes50608100,現在就是在等烏克蘭大量發射，啟動ww3,11/20 09:24
625,→,zaqwsxjason,神達大爆A,11/20 09:24
626,→,pig4321,鴻準外資應該準備放推了,11/20 09:24
627,推,czg,"中租現有 FJ + 我們的人  強強聯手,不要怕",11/20 09:25
628,推,cct1121,鴻準要往燈的方向走了,11/20 09:25
629,推,bear31223,神達融資出貨啦,11/20 09:25
630,推,AndyMAX,記住那些說股利左手換右手的ID,11/20 09:25
631,推,zick8932511,台股世界第一爛,11/20 09:25
632,→,YOYOISGOOD,今天開盤尊重外資空單結算啊,11/20 09:25
633,推,zzzzzzzzzzzy,我們的人注意！別慌！注意還動啊！,11/20 09:25
634,→,bear31223,https://i.imgur.com/BU6Ujlh.jpeg,11/20 09:25
635,推,tigerzz3,鴻準神達 快跑吧,11/20 09:25
636,推,weekend88123,AAAAAAAAA,11/20 09:25
637,→,RTX3080TI,https://i.imgur.com/u1f9k2E.jpeg,11/20 09:25
638,→,tigerzz3,第一盤就該閃了,11/20 09:25
639,噓,distantblc,http://i.imgur.com/qh2Dbyh.jpg,11/20 09:25
640,→,Lowpapa,我們的人一走   你們的人就這麼軟   笑死我,11/20 09:25
641,推,xephon,99鴻準  ㄚㄚㄚㄚㄚㄚㄚ,11/20 09:25
642,推,yuanmi1283,結算日 又要壓低了,11/20 09:25
643,→,pig4321,鴻準空下去,11/20 09:25
644,→,baka1412,綠準俯衝,11/20 09:26
645,推,kobebird,展達割報,11/20 09:26
646,推,beforehand,中租下去點再來撿,11/20 09:26
647,推,SCLEE5566,要A了,11/20 09:26
648,→,nyyjeter8,高潮幾分鐘套爛 怎好像看過,11/20 09:26
649,推,justin818281,嚇。甩。磨，珍惜車票,11/20 09:26
650,→,CHENXOX,上沖下洗 賺錢青松自在,11/20 09:26
651,推,hkcdc,2354是今日戰場嗎,11/20 09:26
652,→,zzzzzzzzzzzy,鴻準在跌什麼？,11/20 09:26
653,推,clamperni,中小沒量 大家都刪app了,11/20 09:26
654,→,tigerzz3,鴻海他們的人都跑了 你們的人還不跑?,11/20 09:26
655,推,wind123,23700 空單 穩如狗,11/20 09:26
656,推,hejte,昨天只是要讓韭菜進場，今天要割韭菜,11/20 09:26
657,推,beans0202,今天熒茂會再漲停嗎,11/20 09:26
658,推,ming210706,阿達快跑,11/20 09:26
659,推,tonylolz,我們的人,11/20 09:26
660,→,beforehand,我們的人別賣長榮啦,11/20 09:26
661,推,mopa,中租現在有師傅、安姐、鬆哥持有，不會輸吧,11/20 09:27
662,→,k102asdf,今天阿達們在劫難逃?!,11/20 09:27
663,噓,qscxz,https://i.imgur.com/DIy63zT.jpeg,11/20 09:27
664,推,Gipmydanger,有夠簡單https://i.imgur.com/TIss4J7.jpeg,11/20 09:27
665,→,pig4321,鴻準還在硬撐,11/20 09:27
666,推,hinanaitenco,VVVVVV,11/20 09:27
667,推,loopdiuretic,哈欠盤,11/20 09:27
668,推,nokias,別慌 往下尋找支撐後反攻,11/20 09:27
669,→,piece1,撐盤狗快拉G阿!小兒要領錢....,11/20 09:27
670,推,pypy93264,中華這麼猛喔 MG恢復接單大利多？,11/20 09:27
671,推,iiqwer,套在高點 只能刪app蓋牌了 995..,11/20 09:27
672,推,max220,現在撿中租 會比重置成本還低了嗎..@@,11/20 09:27
673,推,zackro,師傅中租雙贏,11/20 09:27
674,→,laechan,恐慌仔又在砍股票了,11/20 09:27
675,→,zackro,http://i.imgur.com/lPjNgx2.jpg,11/20 09:27
676,→,zzzzzzzzzzzy,今天不妙,11/20 09:27
677,→,onepiece7,小兒死命不給漲,11/20 09:28
678,→,loom0et0bust,鴻準大跌還有人拼命撿，真猛,11/20 09:28
679,推,ProJ,我們的人登機了,11/20 09:28
680,推,FatFatQQ,https://i.imgur.com/cscrVRY.jpeg,11/20 09:28
681,推,yangrl,我們的人要拉盤了沒,11/20 09:28
682,推,vivirinka,沒9了,11/20 09:28
683,噓,pongp0416,鴻準每天都有驚喜  哈哈哈哈,11/20 09:28
684,推,joe2,現在買中租   那膽子是跟上天借的   榮耀。屬於你,11/20 09:28
685,推,zesonpso,CF還有中租 不是沒有了?,11/20 09:28
686,推,gp500adsl,同致再來一根?,11/20 09:28
687,推,a70327cow,5ma在腳下 哪邊不妙==,11/20 09:28
688,→,zzzzzzzzzzzy,我們的愛 過了就不再回來,11/20 09:28
689,→,FatFatQQ,https://i.imgur.com/IvsJcrg.jpeg,11/20 09:28
690,推,sunbox,阿蓉加油！,11/20 09:28
691,→,gp500adsl,電動車這麼猛的嗎,11/20 09:29
692,→,zesonpso,我中租只有買 六萬元XDD  富貴險中求麥當勞,11/20 09:29
693,→,joe2,消失的情感   我聲聲呼喚~~~~,11/20 09:29
694,→,a70327cow,昨天9點多都停損 12點多重置成本122.X,11/20 09:29
695,噓,beta0907,誰能99鴻準啊….,11/20 09:29
696,推,bear31223,https://i.imgur.com/tgUPkFY.jpeg,11/20 09:29
697,→,FatFatQQ,中租變不見了嗎CC,11/20 09:29
698,推,pziix,小兒很廢把gg庫存拿來砸啊,11/20 09:29
699,→,bbcer,"說到麥當勞,今天漲價了QQ",11/20 09:29
700,推,zackro,師傅不知道自己哪裡鬼轉 大家可以教他嗎,11/20 09:30
701,→,baka1412,https://i.imgur.com/COeQnXT.gif,11/20 09:30
702,→,a70327cow,準備改2231,11/20 09:30
703,推,kobe30418,我的正二綠了,11/20 09:30
704,→,zzzzzzzzzzzy,鬆哥早,11/20 09:30
705,→,joe2,東方文華自助餐也漲了   漲100,11/20 09:30
706,推,vvnews,鬆哥拿六萬換麥當當 風報比划算嗎？XD,11/20 09:30
707,→,blue1204,鴻準 爛一天強一天爛一天,11/20 09:30
708,推,cool189,肉鬆快下來,11/20 09:30
709,→,pig4321,鴻海的人都賣1.4萬張了,11/20 09:30
710,推,hey0415,光聖爽，空軍數錢,11/20 09:30
711,→,zxcv12300,中華好強MG再起嗎?,11/20 09:31
712,推,lweis,可成程式單又來賣了-.-,11/20 09:31
713,→,FatFatQQ,https://i.imgur.com/TVINFbL.jpeg,11/20 09:31
714,→,FatFatQQ,台灣川普在哪,11/20 09:31
715,推,min90129,亞光在玩什麼 怎麼造一堆小山丘0.0,11/20 09:31
716,推,Lowpapa,你們的人為什麼這麼軟,11/20 09:31
717,推,qoo60218,我們的人救救我 哭啊,11/20 09:31
718,→,joe2,可成金   買了燒成金,11/20 09:31
719,→,sagarain,涼了,11/20 09:31
720,→,a70327cow,5876掛40空單,11/20 09:31
721,推,loopdiuretic,4987每天玩,11/20 09:31
722,→,joe2,啞光  尼好壞,11/20 09:31
723,推,yillusionwei,神達昨天多今天空 WW,11/20 09:31
724,→,puni52041,小兒換倉完了嗎,11/20 09:31
725,推,zesonpso,六萬不會賠光阿XD,11/20 09:32
726,噓,YOYOISGOOD,台積小兒就壓低結算中 結算完後還不是會買回來,11/20 09:32
727,推,SungLin,我們的人準備大舉加碼了 請大家稍後一下,11/20 09:32
728,→,a70327cow,鬆哥可能是要6w換麥當勞全品項,11/20 09:32
729,推,Jyeva,神達怎麼了,11/20 09:32
730,推,nike0511,又來了，控值權股殺中小的劇本要出現了,11/20 09:32
731,推,yling5518,剛才買23000C一口10元，看看大盤怎麼漲？,11/20 09:32
732,推,if2,展達怎麼了,11/20 09:32
733,推,ohlong,呆股已死 有事燒紙的,11/20 09:32
734,→,YOYOISGOOD,到底在怕什麼 買台積都怕…真的建議別玩股票了,11/20 09:32
735,→,yling5518,故意的,11/20 09:32
736,推,nokias,僚機已就定位 聽候命令,11/20 09:32
737,推,guowei616,爪爪金兇兇的,11/20 09:32
738,→,Ilou,這波買919真的買對了,11/20 09:33
739,推,zzzzzzzzzzzy,我們的人assemble,11/20 09:33
740,推,max220,今天結算日阿~~~~,11/20 09:33
741,→,tingover,神達應該還沒結束 但不敢玩了,11/20 09:33
742,→,venusvirus,713成份股爛到像是投信自己在倒,11/20 09:33
743,推,dtes50608100,哈哈，有些多蛙躁起來了,11/20 09:33
744,→,yling5518,外豬這個價位結算，外豬還是賺，不是說要嘎外豬,11/20 09:33
745,推,Jyeva,神達今天出貨好多,11/20 09:33
746,→,max220,窩門的人~蒿吐露絲~,11/20 09:33
747,噓,alonso842,昨天是隔日沖進去拉抬  今天會倒貨大跌 別追價,11/20 09:34
748,推,joe2,天不怕  地不怕   就怕手上股票。啪沒啦,11/20 09:34
749,推,wings0610,99大象！ 今日買一象 明年生小象,11/20 09:34
750,推,Lowpapa,你們的人可以強一點嗎   一點氣勢都沒有,11/20 09:34
751,噓,stanleyplus,半導體已死  當水手很簡單,11/20 09:34
752,→,wings0610,joe哥還有萬海嗎,11/20 09:34
753,→,joe2,洗刷一下   折磨你一下   就開始哀哀叫,11/20 09:34
754,推,f204137,中小恐慌症又開始了 隔一天 昨天敢追 今天又恐慌,11/20 09:34
755,推,a0939877325,船又在幹嘛,11/20 09:34
756,→,blue1204,CPO好刺激,11/20 09:34
757,推,SeaForest,鴻準準備跌停秀～,11/20 09:34
758,→,joe2,萬海   每天跟妳在一起。人生總不缺刺激,11/20 09:35
759,推,qw5980162,中華是哪個高股息納入@,11/20 09:35
760,推,mumuwei,今天中租綠的 師傅又要鬼轉不認了嗎xd,11/20 09:35
761,→,f204137,多殺點唷,11/20 09:35
762,推,ct78645,阿榮也太硬了吧  藥是吃多少？,11/20 09:35
763,推,nicexd,今日有船qq,11/20 09:35
764,→,joe2,前幾天被萬海折磨的好痛苦   但也很蘇胡,11/20 09:35
765,推,seavoo,AAA,11/20 09:35
766,→,loopdiuretic,4987冷門變沖股@@,11/20 09:35
767,推,CRonaldo07,該輪到CCL了吧,11/20 09:35
768,推,dtes50608100,再說一次，十點準時倒貨,11/20 09:35
769,推,faye52520,見紅空，好煎蛋,11/20 09:36
770,推,zackro,http://i.imgur.com/GeHh6HU.jpg,11/20 09:36
771,→,f204137,"認啥 中租又不符合 ""賺比過去多 股價更低"" 的標準啊",11/20 09:36
772,推,jht,長榮航空又起飛惹,11/20 09:36
773,推,wings0610,joe 是很M的joe,11/20 09:36
774,→,mumuwei,師傅之前噴分離體噴的很爽 現在孤立無援 死趴著不,11/20 09:36
775,推,nokias,檢查油料後掛彈、關艙、起飛、升空,11/20 09:36
776,→,mumuwei,放XD,11/20 09:36
777,→,joe2,我覺得150   這數字。我跟它有緣分,11/20 09:36
778,→,zackro,師傅說還會變的 睦睦你想不夠快,11/20 09:36
779,推,beans0202,熒茂今天會再紅嗎,11/20 09:36
780,推,newstar13579,十點拉寶寶23000 空軍當燃料,11/20 09:36
781,推,tieneun,99大象,11/20 09:36
782,推,fst1985,展達好刺激,11/20 09:36
783,推,tonylolz,陽明！,11/20 09:36
784,推,neone,繼續招黑日常 多X一點優 LUL,11/20 09:37
785,→,f204137,它的順位 目前沒那麼前面 下個月達標15億 再大聲吧,11/20 09:37
786,→,mumuwei,Cf不符合你重置成本買回幹嘛==,11/20 09:37
787,推,nicexd,開沙qqy,11/20 09:37
788,推,pttstock,持股黑黑的 -.-+,11/20 09:37
789,→,joe2,在極大的痛苦中，感到精神甦醒,11/20 09:37
790,推,gto9987,今天會不會平盤死魚,11/20 09:37
791,噓,sunbox,誰在買三傻,11/20 09:37
792,推,a70327cow,6w 6958 卡在32 我們240ma見可以嗎,11/20 09:37
793,推,venusvirus,爪爪今天好瘋狂,11/20 09:37
794,推,josephpu,海運大哥 阿明,11/20 09:37
795,→,joe2,陽明妹妹真的要轉大人了XDDDDD,11/20 09:37
796,推,allenJr,拉不上去啦，上個月結算為了壓指數外資萬張GG在倒,11/20 09:37
797,→,allenJr,的,11/20 09:37
798,推,lynn79422,我們的人上船陽明號 大獲全勝！,11/20 09:37
799,→,zxcv12300,四寶又想要挑戰破底了嗎,11/20 09:37
800,噓,stanleyplus,當水手很安心阿  還在ETF跟債債的真韭菜,11/20 09:37
801,→,wings0610,誰在倒大象啊啊啊啊啊啊,11/20 09:37
802,→,mumuwei,Cf都在股板跟大家玩第五人格,11/20 09:37
803,推,sss6515366,衝啊,11/20 09:37
804,→,f204137,你以為 我是全撿回來嗎... 太單純了吧,11/20 09:38
805,推,sussj,平盤結算啦，大家都在等NV財報,11/20 09:38
806,推,yling5518,大戲在明天，今天大概也沒什麼好看的,11/20 09:38
807,→,venusvirus,38過去了,11/20 09:38
808,推,tree1992,神達洗起來~~~出貨倒出來~~~沖啊！！,11/20 09:38
809,推,hey0415,光聖空軍繼續加油，應該還有肉,11/20 09:38
810,推,surferblue,今天壓低結算 put莊大獲全勝,11/20 09:38
811,推,wayneganer,好A,11/20 09:38
812,推,bear2008,持股跟女友一樣 死魚,11/20 09:38
813,推,talesh35624,1477倒起來!,11/20 09:38
814,→,f204137,我想的比你太多了 別用你的思維 對我做判斷,11/20 09:38
815,推,czg,已掛好中租11X的單，買到會比重置成本的人還低,11/20 09:38
816,→,yling5518,買一口23000C花幾百元給多蛙支持一下,11/20 09:38
817,→,loopdiuretic,6671跳水@@,11/20 09:38
818,→,lynn79422,信徒聽令，師傅看空中租,11/20 09:38
819,推,zackro,可能都停損賣3張 撿10股,11/20 09:38
820,→,zackro,http://i.imgur.com/89j9LoH.jpg,11/20 09:38
821,→,mumuwei,師傅真是單純的令人憐憫,11/20 09:39
822,推,praylove49,航運股齊漲,11/20 09:39
823,→,f204137,zackro 很懂喔 但沒1股那麼少啦...XD,11/20 09:39
824,→,joe2,航運三女神    過去。現在與未來   逐漸甦醒,11/20 09:39
825,推,BLUESKY101,22912空單續抱 損設23550,11/20 09:39
826,噓,final01,船開了？？？還沒買票阿....,11/20 09:39
827,推,scum5566,cpo瞬殺喔,11/20 09:39
828,→,blue1204,上詮感覺比較強,11/20 09:39
829,推,ter2788,今天要死魚結算了,11/20 09:39
830,→,baka1412,https://i.imgur.com/NjHcsSi.jpeg,11/20 09:39
831,推,otsuka123,看不懂 短打就好,11/20 09:39
832,→,joe2,喜歡過去  選擇萬海    喜歡未來  選擇陽明,11/20 09:40
833,→,drpepperfish,什麼?!FJ有五個人格? 我只有四個 輸了@w@,11/20 09:40
834,推,kingofsdtw,00940狂買長榮航,11/20 09:40
835,推,spike1215,NVDA財報都偷看完了吧,11/20 09:40
836,→,joe2,你喜歡現在  那你就選擇長榮,11/20 09:40
837,推,apilove,現在當沖都流行霹靂一閃，散戶怎麼可能抓的到,11/20 09:40
838,推,aa2191290616,超像死魚盤==,11/20 09:40
839,推,q0975190339,台光電也太洗,11/20 09:40
840,→,CCH2022,N7北美，N5過年後，MG下個月，嗯嗯,11/20 09:40
841,推,tigerzz3,阿明投信買了四個月 準備開搞,11/20 09:40
842,推,maxman77,咦 我又買了我又賣了 我又買了我又賣了 打我啊 笨,11/20 09:40
843,→,maxman77,蛋 @@,11/20 09:40
844,→,f204137,不是很想提中租 但你們一直提~ 挖下一個寶不是更好,11/20 09:40
845,→,joe2,投資航運的人 真的很幸福   命運三女神。你自己選擇,11/20 09:40
846,推,Creeping,弱弱的問，陽明仔為什麼會噴？？,11/20 09:40
847,→,blue1204,再不上船就等死,11/20 09:40
848,推,a70327cow,5876今天不敢像敲太快給空便當嗎,11/20 09:41
849,推,ackes,爪爪怎麼了 怎麼跟其他金融不同 暴漲,11/20 09:41
850,推,mumuwei,師傅想這麼多 邏輯應該很好吧.................吧?,11/20 09:41
851,推,zackro,原來一天一中租  只買了3天,11/20 09:41
852,→,joe2,不要問為什麼   就問自己。買了沒,11/20 09:41
853,推,lyenia,持股好慘，昨天的好日子果然是曇花一現,11/20 09:41
854,噓,BLUESKY101,https://i.imgur.com/Sf0OxLb.png,11/20 09:41
855,→,BLUESKY101,哈 北七憨多,11/20 09:41
856,噓,stanleyplus,當水手很安心阿~~~還在ETF跟債債的大韭菜~~,11/20 09:41
857,推,Lightzr,阿明 衝,11/20 09:41
858,→,onepiece7,小兒買了一堆阿明終於要追上萬海了嗎,11/20 09:41
859,推,a210510,抓抓要變成兩元金了 當然噴,11/20 09:41
860,噓,King5566,航運三小啦,11/20 09:41
861,→,stanleyplus,半導體已死  當水手很簡單,11/20 09:41
862,→,mumuwei,你後面挖很多寶阿 例如 鹽巴Xd,11/20 09:41
863,→,blue1204,船船狂飆阿,11/20 09:41
864,推,jimmyclark,今天死魚,11/20 09:41
865,推,yh0065,大航海時代,11/20 09:41
866,→,joe2,陽明妹妹要轉大人啦~~~~,11/20 09:41
867,→,berserk,阿明,11/20 09:41
868,推,drpepperfish,FJ:莫再提，莫再講，下一個，會更好,11/20 09:41
869,→,Creeping,買是買了，張的莫名其妙哈哈,11/20 09:41
870,→,joe2,陽明這氣勢  追上萬海是可能的!,11/20 09:42
871,→,zxcv12300,公公大爆噴,11/20 09:42
872,推,a069275235,https://i.imgur.com/Ycvm59V.png,11/20 09:42
873,→,a70327cow,八寶粥 還能A趕快上車,11/20 09:42
874,→,nicejeffery,陽明要攻漲停？,11/20 09:42
875,→,mumuwei,師傅自己說賺錢賺到人生很無趣 大家多跟師父互動,11/20 09:42
876,推,leiouter,10點會結算嗎,11/20 09:42
877,→,f204137,中華車是怎樣... 漲停板,11/20 09:42
878,推,BLUESKY101,安拉 怎麼可能+300,11/20 09:42
879,推,ndd2,長債有9嗎？,11/20 09:42
880,→,joe2,喜歡航運三女神    一波接一波   波濤胸湧,11/20 09:42
881,推,josephpu,阿明噴啊,11/20 09:42
882,推,zackro,還以為被師傅黑單了 好險好險,11/20 09:42
883,→,f204137,不是不講了 是目前就沒那麼好 等下個月止血15億吧,11/20 09:43
884,推,waterpoise,航運漲到感覺要倒貨了 可怕,11/20 09:43
885,→,blue1204,棄嬰484要把昨天漲的噴回去,11/20 09:43
886,→,zxcv12300,中華車好猛MG再起,11/20 09:43
887,→,mumuwei,師傅 漲停板還是離你買的點很遠xd,11/20 09:43
888,推,HisVol,小兒壓不住了，要噴了,11/20 09:43
889,推,pttstock,MG國產化成功了?,11/20 09:43
890,噓,stanleyplus,當水手很安心阿~~~數錢很簡單,11/20 09:43
891,推,superamd,陽明要搞事嗎 我ptsd又發作啦,11/20 09:44
892,推,czg,中信金打針吃藥啊，有點猛,11/20 09:44
893,推,sunbox,阿蓉有夠爛,11/20 09:44
894,→,blue1204,3450 帶賽中,11/20 09:44
895,→,pttstock,中華上 和泰下?,11/20 09:44
896,推,Morning5566,陽明在誘空間啊,11/20 09:44
897,→,f204137,中華車 我的成本 不到30耶...,11/20 09:44
898,推,hinanaitenco,vvvvvv,11/20 09:44
899,→,onepiece7,肉鬆終於睡醒了喔，那個公公還是廢,11/20 09:44
900,推,clamperni,沒想到今年會是這種結局吧,11/20 09:44
901,推,s155260,剛剛好心翻黑讓人上船 他們的人還是不買,11/20 09:44
902,→,mumuwei,抱歉 我這邊紀錄只有到4/12在吹中華車XDDD,11/20 09:44
903,推,sunday0913,沖啊買啊V啊 嘎到小兒叫媽媽,11/20 09:45
904,推,a069275235,AMD大 你有什麼PTSD@@,11/20 09:45
905,推,orton417,中華漲停了,11/20 09:45
906,→,f204137,之前有向下加碼沒錯 但 那是另外計算了,11/20 09:45
907,→,mumuwei,等下個月只血15E(急了 第一根-9%抄抵xd),11/20 09:45
908,推,ct78645,怎麼一堆打針吃藥的呀  阿明吃藥轉大人,11/20 09:45
909,推,superamd,長榮壓力創傷症候群,11/20 09:45
910,→,a069275235,https://i.imgur.com/17SkA7O.png,11/20 09:45
911,噓,King5566,陽明到底想幹嘛,11/20 09:45
912,→,CCH2022,指數。假鬼假怪。洗盤喔,11/20 09:45
913,推,sunbox,阿明打王！,11/20 09:46
914,推,s155260,amd是這週賺太大擔心嗎,11/20 09:46
915,推,czg,神，師傅的中華車就是神,11/20 09:46
916,推,zzzzzzzzzzzy,我們的船 漲了就不再回來 船票永遠我都放不開,11/20 09:46
917,推,sss6515366,阿明當大哥了,11/20 09:46
918,推,GinHan,阿明脫隊??,11/20 09:46
919,→,superamd,mumu哥 我們放下吧 靜靜看 偶而跳出來酸一下就好,11/20 09:46
920,推,max220,MAX220:一天一中租變一天一零股 就是買點~,11/20 09:46
921,推,as305602,阿明噴,11/20 09:46
922,噓,YesNoter,重製成本（x) 另外計算（o),11/20 09:46
923,推,house911,今天又變成 下跌多於上漲的日常模式,11/20 09:46
924,→,blue1204,阿明長大了 開心,11/20 09:46
925,推,theurgy,午餐就決定吃大中華,11/20 09:46
926,推,Morning5566,陽明誘空 高檔大量 逃命出貨 貨櫃老操作了,11/20 09:46
927,推,romenticpoet,https://i.imgur.com/RLrYVlz.jpeg,11/20 09:46
928,→,a069275235,對喔 你們放下師傅吧= =,11/20 09:46
929,噓,YOYOISGOOD,小兒還有沒有壓 看期指最準 現在還在壓價喔,11/20 09:46
930,推,dick0209,阿明！跟著打王沖一波,11/20 09:46
931,→,tkucuh,我的阿明終於解套了...,11/20 09:46
932,推,crispazx,阿明井噴？,11/20 09:46
933,→,zzzzzzzzzzzy,https://i.imgur.com/PLag44T.gif,11/20 09:46
934,→,loom0et0bust,櫃買的靈壓…,11/20 09:46
935,推,a70327cow,要講就用新布局成本喊 30是多久了,11/20 09:46
936,推,h75221,1477砍多一點啦 250收,11/20 09:47
937,推,iceman321,神達到底,11/20 09:47
938,→,mumuwei,中華車 業外投資9941 租賃業獲利轉佳 一樣受惠,11/20 09:47
939,→,onepiece7,阿榮太貴了啦，都來買阿明,11/20 09:47
940,推,tigerzz3,阿明無情開嘎,11/20 09:47
941,推,hkcdc,鴻準神達 今日主戰場嗎,11/20 09:47
942,推,suntw,台光電 廣達 長榮航今天都會有蠻突破性的表現,11/20 09:47
943,推,f204137,觀察今日中小恐慌程度吧 昨天那麼嗨 隔一天又開始,11/20 09:47
944,推,zackro,為什麼加碼的成本可以另外計算 求解,11/20 09:47
945,→,drpepperfish,鴻準不簡單，小小一檔多空在混戰,11/20 09:47
946,推,scum5566,3081這是要套多少人QQ,11/20 09:47
947,→,dick0209,499來啦！,11/20 09:47
948,→,King5566,78秒了？,11/20 09:47
949,推,bsnid,殺權值 壓低結算日,11/20 09:47
950,推,ch8426zer,阿明好可怕，現在買下去會咕嚕嗎,11/20 09:47
951,推,apilove,21年好像就是指數區間不上不下，大家航海王,11/20 09:47
952,→,f204137,我用其他戶頭加碼啊... 有說過吧,11/20 09:47
953,推,apolloapollo,878 1分鐘砍36張可成 太狠了,11/20 09:47
954,推,julian42,A,11/20 09:47
955,→,s155260,阿蓉都過高了還要被嫌爛 好可憐,11/20 09:47
956,→,rainf,GG平盤了 G蛙表示,11/20 09:47
957,推,jvor0719,我沒有船QQ哭暈,11/20 09:47
958,推,venusvirus,可以開另一個帳號買就有新的成本（誤,11/20 09:47
959,推,ming210706,阿達下不去有撐,11/20 09:48
960,→,mumuwei,amd大 還好有你帶領水手我們邊坐船 邊看脫口秀吧,11/20 09:48
961,→,julian42,壓低結算來了,11/20 09:48
962,→,loom0et0bust,放了好久的960終於快平損了，無語-.-,11/20 09:48
963,推,a210510,大象又又又被倒貨了,11/20 09:48
964,推,max220,Zark大~其他戶頭~我昨天就說了~準吧XD,11/20 09:48
965,噓,stanleyplus,大家都在船上吧  太簡單了,11/20 09:48
966,推,s4559988,阿明今天當大哥?,11/20 09:48
967,推,czg,不要再看師傅重置成本的中租，要看之前沒吹的中華,11/20 09:48
968,→,venusvirus,窩猜到了，+10分,11/20 09:48
969,推,a70327cow,max220….由愛生恨,11/20 09:48
970,→,pig4321,鴻準快沒力了,11/20 09:48
971,→,dick0209,一天阿榮一天阿明，明天換鴻海？,11/20 09:48
972,推,dosiris,哪有可能不壓低結算 小兒要認賠空單?,11/20 09:48
973,噓,YesNoter,max大你怎麼..,11/20 09:48
974,推,onekoni,我們的人鴻海成本在202 完全不用緊張,11/20 09:48
975,→,ezreal1315,每天版面都有你們的人的文 什麼開船多多多==,11/20 09:49
976,推,lweis,怎麼又開船了,11/20 09:49
977,→,mumuwei,師傅 建議你直接改說你爸是李嘉誠,11/20 09:49
978,→,onepiece7,鴻準想亮綠燈喔,11/20 09:49
979,→,max220,我沒有恨吧~@@ 我中立~,11/20 09:49
980,噓,YOYOISGOOD,外資空單結算台積才平盤 很強了吧 G蛙無感啊,11/20 09:49
981,→,baka1412,https://i.imgur.com/BdTpJee.gif,11/20 09:49
982,推,kingofsdtw,鴻海是挖到石油嗎？天天漲,11/20 09:49
983,推,nomad888,800鋼底,11/20 09:49
984,推,sexybox,持有長榮海跟鴻海好安心,11/20 09:49
985,→,drpepperfish,笑死，鴻準成交值比台積電更多,11/20 09:49
986,推,loopdiuretic,8163差一段 能送個大禮包嗎,11/20 09:49
987,推,good200,庫拉皮卡一直不下船是正確的,11/20 09:49
988,推,vovovolibear,外資通常1點才會出手，供參考,11/20 09:49
989,推,twistplok,應該很多人船票都賣了吧，以為遇前高會下來,11/20 09:49
990,→,eeeee118,beta0907大  看要不要掛跌停板加碼鴻準 賭明天開高,11/20 13:13
991,→,appledick,昨天一拉GG 就有人今天說可以買GG 直接被割爛,11/20 13:13
992,推,qoojo2002,崩盤,11/20 13:13
993,→,baka1412,https://i.imgur.com/COeQnXT.gif,11/20 13:13
994,→,yling5518,穩漲的，貸款都All in了,11/20 13:13
995,推,tree1992,神達準備收最低，你各位誰今天被套的自己舉手,11/20 13:13
996,推,goodkilua,鴻準我賣掉的時候還在噴，結果現在感到欣慰~,11/20 13:13
997,推,johnnyzeus,相信11/21見轉折,11/20 13:13
998,推,solamb,蠻和平的今天,11/20 13:13
999,→,YOYOISGOOD,不然如果昨天美股崩盤 今天外資順勢結算爽歪歪,11/20 13:13
1000,推,chhu94,跟次月差90點...,11/20 13:13
1001,推,Riyar,外資五萬口幫幫忙 空軍必勝,11/20 13:13
1002,推,theta4719,99台股,11/20 13:13
1003,噓,kevin0508,茶水間聽到聯電市場又被瓜分，慘,11/20 13:13
1004,推,wings0610,大象感覺有機會給驚喜！,11/20 13:13
1005,→,Feting,幾乎在死魚的股票動一點點就一堆小劇場,11/20 13:13
1006,推,cacasi,https://i.imgur.com/Uv5Em0P.jpeg,11/20 13:13
1007,推,clw8,一路向下,11/20 13:13
1008,推,gpee,糟糕 中計了,11/20 13:13
1009,→,solamb,尖叫聲呢！,11/20 13:13
1010,推,wind123,滿滿都我們的人 還想漲啊,11/20 13:13
1011,→,edcxz,這根吞的真飽,11/20 13:13
1012,推,talesh35624,神達爆量黑K，套了一堆人XD,11/20 13:13
1013,→,eeeee118,鴻準剛跌停板一直吃貨 有可能就是賭明天像周二 開高,11/20 13:13
1014,→,wind123,我們主力控的很爽,11/20 13:13
1015,→,appledick,記得割韭菜的手勢啊 都是拉起來割韭菜的 才割的深,11/20 13:13
1016,推,superamd,長榮真的有個性,11/20 13:13
1017,→,yling5518,這種殺盤就要想想就算財報好又怎樣？,11/20 13:13
1018,→,sal36,今天有人被神達87主力騙到嗎！？XD,11/20 13:14
1019,→,a70327cow,00929準備迎接腰斬 跌一年,11/20 13:14
1020,推,ntuooo,塊陶不是一早就講了,11/20 13:14
1021,推,brain9453,小虧四位數 果然當多蛙是賠錢貨哀,11/20 13:14
1022,推,turtle66,救命啊,11/20 13:14
1023,推,allenJr,期貨抄這幾天的才有贏啦，上週232以上很久，是要贏,11/20 13:14
1024,→,ann16,有些人只會挑有利的時候出現 這些都是指標... XD,11/20 13:14
1025,→,imsasage,正價差是三小 :),11/20 13:14
1026,→,yling5518,財報好爽一天有用嗎？,11/20 13:14
1027,→,rockmaxdash,鴻準停利失敗 大賺變小賺,11/20 13:14
1028,推,atmcola,神達快跑,11/20 13:14
1029,推,hillgod,硬要殺的一盤，看看1:30有沒有大甩尾,11/20 13:14
1030,推,bettercallh,這只是剛開始 抓穩了,11/20 13:14
1031,→,wind123,賠錢的又在反串了 這邊賠錢都反串,11/20 13:14
1032,推,ravelson,財報好有被錯殺就可以接啊 不然漲高才要去接喔,11/20 13:14
1033,→,allenJr,個鬼喔…,11/20 13:14
1034,噓,stanleyplus,頭型這麼美   大空頭拉高空怎麼輸,11/20 13:14
1035,噓,distantblc,http://i.imgur.com/sZeBFPV.jpg,11/20 13:14
1036,→,edcxz,本來賺的~~~變成賠錢了,11/20 13:14
1037,→,goodkilua,歪資快要準備過聖誕節囉~,11/20 13:14
1038,→,pig4321,偉訓到底有沒有吃到輝達阿 竟然漲,11/20 13:14
1039,推,harpuia,救命~~~~多軍都跑了,11/20 13:14
1040,推,t1l31l3,聽說有人要嘎爛外資,11/20 13:14
1041,→,appledick,1025萬口G哥應該也跑了,11/20 13:14
1042,→,house911,外豬還剩15分鐘殺盤  多蛙再忍忍,11/20 13:14
1043,推,ak007,多蛙沒聲音～空蛙幫你喊：救夫！命！啊～～～,11/20 13:15
1044,→,ntuooo,還在上海爺叔都沒錢補牙還相信這種,11/20 13:15
1045,推,edison20225,https://i.imgur.com/2rS2pvu.gif,11/20 13:15
1046,噓,sanos168,普丁是種香菇了嗎？ 跌成這樣,11/20 13:15
1047,→,allenJr,你開盤紅的去追的都輸快200點了還贏…,11/20 13:15
1048,推,epicurious,清流軍又要歐印,11/20 13:15
1049,→,sanos168,救命啊,11/20 13:15
1050,噓,appleye,還有人看不起我們的普丁嗎？,11/20 13:15
1051,→,ann16,台化今天停損了 不該跟對岸對坐,11/20 13:15
1052,→,f204137,假夜盤尤其明顯呀..沒有現股影響 AAVV 50點持續換邊,11/20 13:15
1053,→,goodkilua,先賣一點才有錢買聖誕節禮物~,11/20 13:15
1054,推,clw8,崩盤,11/20 13:15
1055,推,justin818281,次月：不關我的事,11/20 13:15
1056,→,brain9453,Allen大995我山頂套牢學狗叫,11/20 13:15
1057,推,fujioqq,昨天不是一堆人要幫小兒上課XDDD,11/20 13:15
1058,推,WhaleYu,這盤有夠簡單多蛙沒人賠錢吧,11/20 13:15
1059,推,ZunYin,套蛙被出貨,11/20 13:15
1060,→,edcxz,塊陶阿,11/20 13:16
1061,→,house911,期貨 現貨  想殺到收盤 ?,11/20 13:16
1062,推,piece1,進股市不要把錢拿給投信玩！浪費錢,11/20 13:16
1063,→,brain9453,怎麼又是我套牢,11/20 13:16
1064,推,eeeee118,日內波 除非就是玩開盤 賭平盤附近 波動出來就停利,11/20 13:16
1065,推,k0611812,遠月點數高好多 還有人在跟外資賤價賣？,11/20 13:16
1066,推,qoo60218,我們的人救命啊,11/20 13:16
1067,→,bryan2262,猜明天噴,11/20 13:16
1068,→,allenJr,B大你不會結算日和外資硬幹吧…,11/20 13:16
1069,推,simba1222,這個GG大特價..,11/20 13:16
1070,推,chalon,+~老師今天能有多大聲,11/20 13:16
1071,→,house911,台雞雞 又想下殺一檔 ?,11/20 13:16
1072,推,Elviskang,GG25！,11/20 13:16
1073,→,brain9453,Fuji大 一堆人被小鵝上了拳擊課 痛擊多蛙,11/20 13:16
1074,→,k102asdf,小兒還在壓 嗚嗚嗚 995,11/20 13:16
1075,推,wenkuan0408,多蛙午安,11/20 13:16
1076,推,rxsmalllove,乖 現在壓低結算 明天就出方向,11/20 13:16
1077,推,yanliou,廢到爆 的多,11/20 13:16
1078,→,epicurious,龍哥連贏好幾天，鋼鐵狼的蛻變,11/20 13:16
1079,推,intointo,結算中,11/20 13:16
1080,推,wind123,射了沒,11/20 13:16
1081,→,eeeee118,brain9453+1  今天當沖同致沒見好就收+神達 虧4位數,11/20 13:16
1082,推,sosiealex,https://i.imgur.com/1hA6v1V.gif,11/20 13:16
1083,推,kapiobhee,次月很硬 轉過去啊,11/20 13:17
1084,→,ann16,台積電必跌破一千 新聞都出來叫人買台積電了,11/20 13:17
1085,→,q169,中小真慘，漲的都不夠跌,11/20 13:17
1086,→,iucj2457,漲300跌200,11/20 13:17
1087,噓,yyc2008,廢物垃圾臭雞股  乾脆死死算了  台積電去死好了,11/20 13:17
1088,→,brain9453,Allen大我進了12月的股期 明天有漲再掀牌,11/20 13:17
1089,噓,stanleyplus,反彈皆空點  糕點越來越低  很簡單吧,11/20 13:17
1090,→,edcxz,看來打算收6666,11/20 13:17
1091,→,piece1,大家的希望在nv....,11/20 13:17
1092,推,goodapple807,次月是啥鬼...,11/20 13:17
1093,→,brain9453,漲都我有 跌就變不見,11/20 13:17
1094,→,appledick,這次應該是真的丸子,11/20 13:17
1095,推,lweis,黑手是不是認輸了,11/20 13:17
1096,推,TonyPeye0209,現貨看起來今天沒什麼跌 明天可以期待了,11/20 13:17
1097,推,lala8520,次月應該是覺得今天就是刻意殺盤吧,11/20 13:17
1098,推,eliteark,GG的靈壓...,11/20 13:17
1099,推,s56565566123,沒殺意,11/20 13:17
1100,→,brain9453,鳩命啊….,11/20 13:17
1101,→,house911,OTC 今天跌比大盤少,11/20 13:17
1102,→,ann16,買台積電不如等五日線的航運股哈哈哈,11/20 13:18
1103,推,dai3345678,https://i.imgur.com/kdIALNZ.jpeg,11/20 13:18
1104,推,Lowpapa,我們的人還沒跑,11/20 13:18
1105,→,appledick,NV一出我看就是崩盤的開始,11/20 13:18
1106,推,tanp23lj,跌破1000的在夢裡慢慢想好了 都結算日了 笑死,11/20 13:18
1107,推,xcompaqx,發起總攻 弄死空軍 死守1025,11/20 13:18
1108,推,f204137,3152可以與3558比較 今天撿了零股 慢慢來,11/20 13:18
1109,→,k102asdf,全部都在寄望nv  嗚嗚怕怕,11/20 13:18
1110,推,butt1106,昨天nv財報很好 今天nv財報很爛,11/20 13:18
1111,→,ojh,要結算了 遠月再高也是要轉倉啊,11/20 13:18
1112,→,yyc2008,還在鼓吹買台臭雞的 真的造孽多了遲早下地獄,11/20 13:18
1113,推,atmcola,光臨好強 下去洗一下又噴噴了,11/20 13:18
1114,推,pp393952,遠近月價差擴大到快百點了耶,11/20 13:18
1115,→,goodapple807,次月差100點了 瘋了~~~,11/20 13:18
1116,推,dtes50608100,傻多再看普丁沒有啊,11/20 13:18
1117,推,justin818281,次月會大拉尾，只有正月死去的世界,11/20 13:18
1118,推,yusones,次月差100點XD,11/20 13:18
1119,推,allenJr,我等收盤後才要買多…差100點上下，外資轉倉會去收,11/20 13:18
1120,推,ouvuo,我們的人堅守22700,11/20 13:18
1121,→,blue1204,聯亞你他...,11/20 13:18
1122,→,sosiealex,nv 是希望還是絕望呢,11/20 13:18
1123,推,firemothra,全世界的希望就在NV身上了,11/20 13:18
1124,推,talesh35624,明天NV財報幫大家開法會，嘻嘻,11/20 13:18
1125,推,intointo,結算是壓權值    OTC還好,11/20 13:18
1126,→,ann16,台積電不殺 航運不會好 大家說好不好,11/20 13:18
1127,推,metomman,gg特價結束,11/20 13:18
1128,推,wind123,射 了 沒 布丁,11/20 13:18
1129,→,house911,台雞雞1020 有人拉 ??,11/20 13:18
1130,→,metallolly,全村的希望:nvda!,11/20 13:18
1131,推,tigerzz3,遠近月差百點 今天轉倉又被割爆,11/20 13:18
1132,噓,YLTYY,我們的人 準備嘎空,11/20 13:19
1133,→,allenJr,斂…我上個月太早買被收了2-30點…,11/20 13:19
1134,→,imsasage,你要想想NV有辦法每次開財報都高於預期嗎 :),11/20 13:19
1135,→,ann16,好不好台積電都不會漲 因為川普的人不喜歡,11/20 13:19
1136,→,intointo,次月才是真點數,11/20 13:19
1137,推,lazikat,這裡還有我們的人嗎,11/20 13:19
1138,推,wenkuan0408,老蘇又要大聲了,11/20 13:19
1139,→,justin818281,次月跟石頭一樣XDD,11/20 13:19
1140,推,transfight,QQ槓...我真的想抄底鴻準！（手不要點...,11/20 13:19
1141,推,brain9453,蛙神經病 100點價差 太盤了….,11/20 13:19
1142,→,ann16,避開台積電 我們的人等待89x買回來,11/20 13:19
1143,→,house911,外豬跟黑手在尾盤打架中 ??,11/20 13:19
1144,推,PCDK,笑死 近月 次月台指差了100點,11/20 13:19
1145,噓,chpses,哀可以投資賺錢的不買 小丑整天吹,11/20 13:19
1146,推,fujioqq,https://i.imgur.com/RXERcvz.jpeg  差一點點,11/20 13:19
1147,推,kapiobhee,次月表示你們在演什麼,11/20 13:19
1148,推,theta4719,我們的人還在嗎,11/20 13:19
1149,噓,FuySenk,NV最後一場法會 幫大家超度,11/20 13:20
1150,推,Sweet83921,近月跌>遠月 請問是轉多單還是空單,11/20 13:20
1151,→,ann16,鴻準80下買才會贏,11/20 13:20
1152,噓,stanleyplus,放空台股 做多鹿港,11/20 13:20
1153,→,intointo,請大家看次月台指   比較準,11/20 13:20
1154,→,appledick,NV這次應該開很爛了 B200根本大delay,11/20 13:20
1155,推,nightop,小兒加空單繼續空,11/20 13:20
1156,推,f204137,結算 換月卻是硬梆梆...,11/20 13:20
1157,推,romenticpoet,偶們的人～～～～～～～～,11/20 13:20
1158,→,justin818281,等等次月拉到紅盤我都不意外,11/20 13:20
1159,推,dtes50608100,台股遠遠領先世界,11/20 13:20
1160,推,fujioqq,結果只衝到22956 好廢@@,11/20 13:20
1161,推,co80040814,現在就是偷吃轉倉的時候了,11/20 13:20
1162,推,xander1525,雲豹崩崩 老蘇套爽爽,11/20 13:21
1163,→,plaay,又有一堆想偷偷提升自己PR值要偷買NV但大喊空了,11/20 13:21
1164,→,kapiobhee,感覺結算完就拉回去了,11/20 13:21
1165,推,FatFatQQ,https://i.imgur.com/cscrVRY.jpeg,11/20 13:21
1166,→,ann16,航運股空軍是不是沒吃飯 打回五日線有那麼難嗎？,11/20 13:21
1167,噓,distantblc,http://i.imgur.com/y4L0byt.jpg,11/20 13:21
1168,→,pig4321,外資大獲全勝,11/20 13:21
1169,推,ctes940008,順藥是不是要解盲了,11/20 13:21
1170,推,tcfsh1210,超好笑  這價差好厲害,11/20 13:21
1171,噓,optimistdog,有點不爽這盤,11/20 13:21
1172,→,intointo,結算快結束了,11/20 13:21
1173,推,butt1106,今天gg有量耶,11/20 13:21
1174,→,searchroy,剩公公,11/20 13:21
1175,→,appledick,次月明天就下來了啦 GG才差5元 是想騙誰,11/20 13:21
1176,推,metallolly,最好快點一鍵出清老黃!,11/20 13:21
1177,→,baka1412,https://i.imgur.com/NjHcsSi.jpeg,11/20 13:21
1178,推,IdolYang,價差太扯了吧 夭壽喔 是要怎麼買,11/20 13:21
1179,推,allenJr,外資會先幹一波收斂一下價差啦,11/20 13:21
1180,推,Lamigirls48,神達慘了,11/20 13:22
1181,推,ak007,多蛙死命的換月凹單XD 夜盤先一根通殺0.0,11/20 13:22
1182,→,allenJr,上個月就被弄到，多盤了幾十點,11/20 13:22
1183,推,abc0806449,威盛連崩10週厲害了,11/20 13:22
1184,→,appledick,漲無量 跌出量 外資一直叫你買GG 懂了吧,11/20 13:22
1185,推,eliteark,GG要硬拉回來了嗎,11/20 13:22
1186,推,barry841120,不要再A啦 救命啊啊啊啊啊,11/20 13:22
1187,推,littenVenus,https://i.imgur.com/S2agxFZ.jpeg,11/20 13:22
1188,→,piece1,小兒不補就真有guts了！,11/20 13:22
1189,推,a70327cow,5876小兒又要全部倒給投信,11/20 13:22
1190,推,brain9453,我跟了Allen大 掛22690等殺盤,11/20 13:22
1191,推,firelemon,光菱勇敢抄底的又贏了,11/20 13:22
1192,→,ann16,看看航運股 都在五日線上 這叫強勢股,11/20 13:22
1193,→,Bashar,次月很勇喔,11/20 13:22
1194,推,fujioqq,我就看從早上差40點變成60 80 100 XDDD,11/20 13:22
1195,推,dai3345678,老蘇雲豹BBQ了嗎？？,11/20 13:22
1196,→,daniel6412,次月又偷雞,11/20 13:23
1197,→,k102asdf,快壓不住辣,11/20 13:23
1198,推,eeeee118,今天早上  有誰買葡萄放到現在的  爽歪,11/20 13:23
1199,→,appledick,這次GG1025就沒人守了喔,11/20 13:23
1200,噓,FuySenk,傻多保重哦，今天不跑法會一開，公園一躺涼涼,11/20 13:23
1201,推,Nick0907,持股繼續躺平,11/20 13:23
1202,噓,YOYOISGOOD,原來台積不會漲https://i.imgur.com/aayb8N2.jpeg,11/20 13:23
1203,推,jjsobig,猜猜看 今天夜盤噴上23050 直到NV開財爆 隔天地獄殺,11/20 13:23
1204,→,Skycrane,撿鑽石,11/20 13:23
1205,→,pttkicoma,正二教轉倉虧損吃到飽!,11/20 13:23
1206,→,jjsobig,回21800,11/20 13:23
1207,→,a70327cow,00940屌打00929,11/20 13:23
1208,→,Skycrane,空蛙又有心跳了,11/20 13:23
1209,推,kkevil,小兒殺完沒,11/20 13:23
1210,推,allenJr,690不可能買到12啦，我自己掛770多,11/20 13:24
1211,→,k102asdf,RRR鴨不住拉,11/20 13:24
1212,噓,zaqqaz,VVVVVVVVVVVVVVVVVVVVVVVVVV,11/20 13:24
1213,推,ct78645,99美債...995,11/20 13:24
1214,推,pp393952,正2跌幅沒有近月多  大概早就轉去遠月了吧,11/20 13:24
1215,推,wings0610,https://imgur.com/a/fEIeZLM,11/20 13:24
1216,推,tree1992,現在還在光00光東友的…你們還好嗎？,11/20 13:24
1217,噓,lpmybig,垃圾盤 今年Q4真的爛,11/20 13:24
1218,推,SungLin,我們的人 台積預計買0.5零股的呢,11/20 13:24
1219,→,searchroy,最後一盤 拉,11/20 13:24
1220,推,weiren6,公公尾盤收最高,11/20 13:24
1221,噓,YOYOISGOOD,陽明很會漲？https://i.imgur.com/oj4aXnX.jpeg,11/20 13:24
1222,推,dtes50608100,多蛙都不敢出來講話了,11/20 13:25
1223,推,fujioqq,0.5股要怎麼買啦 兩個人買一股暗盤平分逆XDDD,11/20 13:25
1224,推,cat0203,難道小兒也在等輝達財報嗎？嘻,11/20 13:25
1225,推,metomman,猜gg收1040,11/20 13:25
1226,推,Curl419,台指轉倉價差又破百 噁心結算殺盤,11/20 13:25
1227,推,clamperni,開騙,11/20 13:25
1228,推,f204137,價差問題 交給台積就解決... 千元台積 一檔抖動4x點,11/20 13:25
1229,推,sssallen,搓高高,11/20 13:25
1230,推,talesh35624,便宜的5876又來囉,11/20 13:25
1231,推,GoodmanYY,大象要翻紅？,11/20 13:25
1232,推,kapiobhee,結算秒拉,11/20 13:25
1233,推,Hsiencheng,遠月大獲全勝  力守800,11/20 13:25
1234,推,justin818281,次月大爆噴,11/20 13:25
1235,推,intointo,夜盤低點都沒破  穩惹,11/20 13:25
1236,推,Lowpapa,價差130   好屌,11/20 13:25
1237,推,fbiciamib123,https://i.imgur.com/PZJdiCz.png,11/20 13:25
1238,→,k102asdf,我們的人!!,11/20 13:25
1239,→,heavenlyken,又度過平安的一天,11/20 13:26
1240,推,tsukirit,12月台指超貴,11/20 13:26
1241,→,baka1412,偶偶偶 噁心結算,11/20 13:26
1242,推,goodapple807,次月真的太貴了 轉倉好苦,11/20 13:26
1243,推,a70327cow,5876….你就真的收這樣我改做多,11/20 13:26
1244,→,Hsiencheng,12月上 25000沒有問題吧  現在買賺2200點！,11/20 13:26
1245,推,ntuooo,塊陶象,11/20 13:26
1246,噓,wings0610,我們的人說年底台積1200～1300現在變多少收,11/20 13:26
1247,→,justin818281,還好昨天就轉完了，沒豆腐問題,11/20 13:26
1248,推,littenVenus,外豬很有錢,11/20 13:26
1249,→,intointo,窩們都在夜盤惹,11/20 13:26
1250,→,Lowpapa,NV財報一定爆幹好   不然外資不會這樣拉,11/20 13:26
1251,→,baka1412,好噁爛的價差,11/20 13:26
1252,推,doranako,明天看好nv看好ai,11/20 13:26
1253,推,Nick0907,恥骨連六黑了啊 哭啊,11/20 13:26
1254,推,firelemon,收盤拉雞？ 台股真會玩,11/20 13:26
1255,→,baka1412,狂拉,11/20 13:26
1256,→,littenVenus,https://i.imgur.com/0g0uNxc.jpeg,11/20 13:27
1257,→,justin818281,次月多軍爽歪歪,11/20 13:27
1258,→,k102asdf,我們的人都在車上了,11/20 13:27
1259,推,yling5518,外豬跟22800空單都大獲全勝,11/20 13:27
1260,→,ann16,航運準備開船啦 五日線上船沒有,11/20 13:27
1261,→,tedliu1024,小買10股NV壓明天噴,11/20 13:27
1262,噓,zaqqaz,VVVVVVVVVVVVVVVVVVVVVVVVVV,11/20 13:27
1263,→,Lowpapa,我獨自崩盤   還只有崩進月   很明顯了,11/20 13:27
1264,→,littenVenus,陸股噴噴,11/20 13:27
1265,推,atmcola,光鈴戳高 嘎爆傻空,11/20 13:27
1266,推,piece1,大戶很有默契演戲，小小散戶永遠被犧牲,11/20 13:27
1267,推,fujioqq,次月尾盤就靠轉倉的人惹XD,11/20 13:27
1268,推,YOYOISGOOD,晚上NV開獎和台積法說 外資不可能全賣單押,11/20 13:28
1269,→,mirror487,我們的人別吹了,11/20 13:28
1270,推,jvor0719,每天跌 真的煩死了,11/20 13:28
1271,推,xcompaqx,台積空軍準備吃屎了,11/20 13:28
1272,推,kapiobhee,結算完就不用演了,11/20 13:28
1273,→,stop0000,次月正價差從30變成120...,11/20 13:28
1274,→,yling5518,還好昨天有拉，不然外豬賺爛,11/20 13:28
1275,→,ann16,台積電準時下殺 我們的人等89x舒服買回來,11/20 13:28
1276,推,newmiga,次月尾盤買不下手...,11/20 13:28
1277,推,jjsobig,一堆人無限轉倉多單欸 哇操,11/20 13:28
1278,→,justin818281,次月正價差一百點，快拜,11/20 13:28
1279,推,intointo,換月成功,11/20 13:28
1280,→,YOYOISGOOD,結算完一定會回補一些台積避險,11/20 13:28
1281,推,goodapple807,正價差100點 真的瘋了,11/20 13:28
1282,推,SeaForest,有夠爽 鴻準跌停XDDDDDDDDDD,11/20 13:29
1283,→,littenVenus,拜託台幣升到30,11/20 13:29
1284,推,FuySenk,GG不要騙哦,11/20 13:29
1285,→,k102asdf,透支長又大賺100點了  太神神神神拉,11/20 13:29
1286,→,intointo,今天日結算日,11/20 13:29
1287,→,RTX3080TI,https://i.imgur.com/6WiSao8.jpeg,11/20 13:29
1288,推,Lowpapa,超靠北的價差    NV難道一根又是20%,11/20 13:29
1289,推,pp393952,還好早早轉倉到次月去凹單了,11/20 13:29
1290,→,kapiobhee,GG期已經先拉了,11/20 13:29
1291,→,ann16,預告在前 鴻準80下買點,11/20 13:29
1292,推,co80040814,買不下手就是要嘎人了  車子輕,11/20 13:29
1293,→,baka1412,自己要拖到最後一天轉=「,11/20 13:29
1294,→,Gary123,恐慌蛙獨自療傷  被外資欺騙感情,11/20 13:29
1295,推,crybaby2516,台股可以這麼爛 我也是挺驚訝的 =.=,11/20 13:29
1296,→,kapiobhee,殺下來收便宜的車票 好過分,11/20 13:30
1297,推,allenJr,多單早轉的就沒事呀，外資殺指數你避光光,11/20 13:30
1298,推,maxman77,有木有 空下去蘇湖～@@,11/20 13:30
1299,→,goodapple807,次月開殺 救命啊,11/20 13:30
1300,推,a70327cow,5876真的被玩壞,11/20 13:30
1301,→,k102asdf,想不到吧 開剁,11/20 13:30
1302,→,wakaura,殺盤,11/20 13:30
1303,→,Bashar,1025,11/20 13:30
1304,推,metallolly,拉成這樣到底怎麼回事QQ 今晚NVDL上95窩要賣,11/20 13:30
1305,推,atmcola,水拉光鈴!!!,11/20 13:30
1306,噓,HiHiCano,GG昨天漲的全吐回去 很棒,11/20 13:30
1307,噓,Crushredkiss,次月價差一百..,11/20 13:30
1308,→,allenJr,慢跑的空單要轉的就…被迫當盤子,11/20 13:30
1309,推,osaka3131,光菱真搞事,11/20 13:30
1310,推,YOYOISGOOD,台積收1025 再次回到磁鐵點位,11/20 13:30
1311,推,O10lOl01O,華泰36.6 幾乎收最低了 是要逼死誰,11/20 13:30
1312,推,dennis50253,外資鬆一口氣，賺爛,11/20 13:30
1313,推,talesh35624,5876讚讚讚，又是收最低,11/20 13:31
1314,→,wings0610,晚上nv不妙了嗎,11/20 13:31
1315,→,iucj2457,成功吃便當,11/20 13:31
1316,推,wind123,早就說了 看ㄧ群股神 在那亂喊 反串 其實很有趣 但,11/20 13:31
1317,→,goodapple807,期指正價差會被套利嗎 急問,11/20 13:31
1318,→,k102asdf,小兒跟透支長大獲全勝,11/20 13:31
1319,推,sunday0913,好像買錯了 媽媽！！！！！！！！,11/20 13:31
1320,推,power8553,自營應該又在搞事,11/20 13:31
1321,→,kapiobhee,不是多單當盤子嗎,11/20 13:31
1322,→,wind123,沒人賠錢啦,11/20 13:31
1323,→,metallolly,我一賣大概會噴 qq 還是跟他賭一下好了,11/20 13:31
1324,推,ntr203,航運3雄 陽明 萬海 鴻海,11/20 13:31
1325,→,ur260,gg下地獄,11/20 13:31
1326,推,intointo,最後一天轉倉有風險  QQ,11/20 13:31
1327,→,laserx,etf養套殺劇本，散戶全套住，等崩盤收割,11/20 13:31
1328,推,czg,"99美債~~竟收最低,995",11/20 13:31
1329,→,allenJr,在收斂了吧，我就說外資一定先搞近價差,11/20 13:32
1330,推,max220,今天撿的中租和柯博文損益都紅了~@@,11/20 13:32
1331,→,wings0610,大戶姐姐救我QQ,11/20 13:32
1332,推,SeaForest,鴻準一個早上讓人逃命 太佛了吧,11/20 13:32
1333,推,Gipmydanger,https://i.imgur.com/O01R8oz.jpeg,11/20 13:32
1334,推,piece1,早上9點半前囂張的氣焰都熄了！,11/20 13:32
1335,→,atmcola,感謝光鈴主力 愛您,11/20 13:32
1336,推,kei1823,壓線轉倉就是賭,11/20 13:32
1337,推,wei9898,外資：倒貨真舒服,11/20 13:32
1338,推,chiy16,最後一盤往下踢50點左右,11/20 13:32
1339,→,mirror487,感覺外資有倒買那麼多,11/20 13:32
1340,→,melonQ,https://i.imgur.com/Jr8tHC9.jpeg,11/20 13:32
1341,→,kapiobhee,現在轉倉現虧40,11/20 13:32
1342,→,wind123,這邊喊啥跌啥 我看n v 會不會明天被喊倒 明天收看,11/20 13:32
1343,→,ann16,中租空軍又烙賽了,11/20 13:32
1344,→,wind123,ㄧ堆反串的,11/20 13:32
1345,推,newmiga,吃轉倉豆腐,11/20 13:33
1346,推,slipknot2042,99713 ！！ 疑沒跌，,11/20 13:33
1347,噓,stanleyplus,空軍吟了,11/20 13:33
1348,→,kei1823,這樣算有倒？好吧跌都算外資的,11/20 13:33
1349,→,idernest,近月期丟丟 遠月期多多 你今天轉倉了嗎,11/20 13:33
1350,推,mumuwei,結算日讚讚讚,11/20 13:33
1351,噓,qscxz,第一金收最低 哭惹,11/20 13:33
1352,推,greenleaf520,象G大戰殞落,11/20 13:34
1353,推,metallolly,每次老黃開財報前都不能看閒聊XD,11/20 13:34
1354,推,ethan0419,錢又被小兒賺走了,11/20 13:34
1355,推,freshman,持股6檔還有兩檔紅的耶,11/20 13:34
1356,推,chiy16,正價差又快要破百了  外資12月開倉空單不知多少,11/20 13:34
1357,噓,zaqqaz,大家噗要怕～明 天 1 定 噴 ^^,11/20 13:34
1358,推,yling5518,尾盤看空蛙AA叫還是多蛙VV叫就知道漲跌了,11/20 13:34
1359,推,hamaski3330,台股真的世界最爛呀,11/20 13:34
1360,推,FuySenk,小兒繼續加空，明天NV法會 大場面,11/20 13:35
1361,噓,stanleyplus,站上24K還爛阿  你是買多糕  XDDD,11/20 13:35
1362,推,master56,結算完準備迎接爆噴,11/20 13:35
1363,→,k102asdf,小兒賺爽沒,11/20 13:36
1364,推,a069275235,中租加油！ 安姐加油！,11/20 13:36
1365,推,f204137,遠東新被哪檔ETF調整呀 最近 波動變大,11/20 13:36
1366,推,allenJr,夜盤先回850有可能的，昨天ADR漲的部份夜盤先拉回去,11/20 13:36
1367,噓,NEX4036,台股玩CPO就好了 永遠不會跌的股票,11/20 13:37
1368,→,b9513227,https://i.imgur.com/uuIwZ6X.jpeg,11/20 13:37
1369,推,fujioqq,夜盤感覺會直接跳空上去= =,11/20 13:37
1370,→,wings0610,a06臥底的樣子真的是太美了 好喜翻,11/20 13:37
1371,噓,LNIOU1314,自淫繼續耍智障,11/20 13:37
1372,→,b9513227,美股晚上結賬,11/20 13:37
1373,推,bannasung,含淚轉倉 真的QQ,11/20 13:38
1374,推,justin818281,正價差110屌爆了,11/20 13:38
1375,推,dtes50608100,世界怎麼跟得上台灣,11/20 13:38
1376,推,optimistdog,昨天騙今天殺 真可怕 觀察出方向再來,11/20 13:38
1377,推,a069275235,940有納入遠東新,11/20 13:38
1378,噓,miku5566,"GG又回到102x,9字頭是天下掉下來的禮物",11/20 13:38
1379,推,sunday0913,12月怎麼這麼貴 媽媽！！！！！,11/20 13:38
1380,推,harry458031,救救老AI 救救6274,11/20 13:39
1381,推,f204137,原來又是940... 它換股力道 不錯喔~,11/20 13:39
1382,推,allenJr,轉倉不要壓線啦，保守點。像早點轉倉的人就沒被盤,11/20 13:39
1383,推,JingPingKing,歡迎光臨 你的當沖好朋友,11/20 13:39
1384,→,aloness,大盤繼續盤著，等谷大師開金口嗎QQ,11/20 13:40
1385,推,fujioqq,請問ETF可以買0.5股嗎 想跟朋友合買一股,11/20 13:40
1386,推,a069275235,https://i.imgur.com/gQTv6zZ.png 紅進綠出,11/20 13:40
1387,噓,strlen,老黃噴 GG殺 CCW：你真的是窩碰友嗎,11/20 13:40
1388,推,eliteark,結算完了 黑手下午可以上演反攻了嗎,11/20 13:40
1389,推,lyenia,蛤？大成鋼怎麼會平盤,11/20 13:40
1390,推,kapiobhee,GG期一直偷買,11/20 13:41
1391,推,jeffsu,剛剛那些傻多說準時開拉 笑死,11/20 13:41
1392,推,metallolly,etf可以合資 你們錢都給我 我在7-11面交,11/20 13:41
1393,推,charming3,壓線轉倉被當盤子,11/20 13:42
1394,推,zero7810,今天空軍超爽,11/20 13:42
1395,推,j3gp6,很想放空 但是看到正價差100VS結算後一天再殺一次,11/20 13:43
1396,→,drpepperfish,屬蘿歹路不可行！,11/20 13:43
1397,→,j3gp6,空手看戲,11/20 13:43
1398,→,aloness,空軍要好好感謝吹長榮的捧友,11/20 13:43
1399,推,czg,今天只有空蛙 我們的人 大獲全勝嗎,11/20 13:43
1400,→,sagarain,涼了,11/20 13:44
1401,推,cool189,160戰爭蛙太廢了吧,11/20 13:44
1402,→,aloness,某些玩笑話要註明，免得被有心人利用,11/20 13:44
1403,推,x0321j,0.5股我直接送你就好，叫爸爸就給,11/20 13:44
1404,推,f204137,https://imgur.com/Iokkvid.png 畢竟是1600億規模~,11/20 13:45
1405,推,fbiciamib123,https://i.imgur.com/9TsI2Im.gif,11/20 13:45
1406,推,fujioqq,看來你們很有錢嘛,11/20 13:45
1407,推,goodapple807,外資不會轉倉吧...不會吧,11/20 13:45
1408,推,tomdavis,廣達偷跑!!! 次月期貨直接爆噴噴!!!!!!!!!!!!!!!!!!,11/20 13:46
1409,推,wind123,比特幣真好賺 cc,11/20 13:46
1410,→,tomdavis,鴻海也是爆噴 看來今晚NV只會開好 不會開壞,11/20 13:47
1411,推,metallolly,阿 我要備註反串要註明嗎qq 不要檢舉窩r,11/20 13:47
1412,推,huan402,鴻海好強,11/20 13:47
1413,→,FatFatQQ,https://i.imgur.com/IvsJcrg.jpeg,11/20 13:47
1414,噓,FuySenk,鴻準今天是抄底還是山頂,11/20 13:48
1415,推,joe2,航運不錯  喜歡萬海,11/20 13:48
1416,噓,YOYOISGOOD,每次開獎前先漲都沒好事… 隔天殺的比誰都還狠,11/20 13:49
1417,推,max220,6147有便宜價撿嗎,11/20 13:49
1418,推,onekoni,鴻海開完獎要噴了,11/20 13:49
1419,→,nocash,十分鐘後公佈小兒空單才是重點,11/20 13:49
1420,推,zick8932511,四萬口空單就這樣？空單回補了沒,11/20 13:50
1421,推,autherlike,聯亞抱不出 上沖下洗,11/20 13:50
1422,推,brain9453,廣達12月好壞喔 偷跑？,11/20 13:51
1423,→,drpepperfish,萬海這次我一定要○出汁！,11/20 13:52
1424,推,fujioqq,我只是想酸零股仔 結果真的被當零股仔XDDDD,11/20 13:52
1425,推,goodapple807,小兒應該會減空單吧,11/20 13:52
1426,推,jjsobig,小兒可以再加空 不然被看沒有,11/20 13:52
1427,推,clamperni,敦泰好強 完全沒下去,11/20 13:52
1428,推,ajkofqq,股市小白誤把聰明峰當阿呆股cc,11/20 13:53
1429,推,dtes50608100,小兒肯定加空啊,11/20 13:53
1430,推,BIGBIGFISH,這邊應該弄個團購區 去分零股吧,11/20 13:53
1431,推,wolf215,明天 開屎要噴了吧,11/20 13:53
1432,推,koj,小兒目標應該是GG 1000以下，今天沒下去當然繼續殺,11/20 13:54
1433,推,ntr203,https://i.imgur.com/f7M1pGi.jpeg,11/20 13:54
1434,推,aaaaaaa1,笑死 台幣狂貶 台股狂漲 內資又花幾千億撐盤狗拉,11/20 13:54
1435,推,allenJr,fuji印象中不是億元戶嗎XD,11/20 13:54
1436,噓,FuySenk,完了 小兒加空6000,11/20 13:54
1437,推,huan402,鴻海怎麼輸？月底準備創新高,11/20 13:54
1438,推,IdolYang,靠 大加空,11/20 13:54
1439,→,ntr203,大媽明天給你教訓,11/20 13:54
1440,→,metallolly,窩前同事疫情的時候真的有集資買gg的 雖然我不知道,11/20 13:55
1441,推,ethan0419,小兒大爆空,11/20 13:55
1442,推,onekoni,加空？！？,11/20 13:55
1443,推,Neil0205,外資該繼續加空了吧，明天拼跌停,11/20 13:55
1444,→,FuySenk,大場面來啦 啊啊啊啊啊啊啊,11/20 13:55
1445,→,metallolly,為什麼要集資XD  但是窩前同事是一對姊妹(?,11/20 13:55
1446,→,aaaaaaa1,挖靠 加空六千口嗎 內資可以去跳樓了 爽,11/20 13:55
1447,推,sunday0913,媽媽！！！！！！！！！！,11/20 13:55
1448,推,JingPingKing,加空 穩,11/20 13:55
1449,→,onekoni,回測22200,11/20 13:55
1450,推,xxlaws,區區6000 我們的人 無所畏懼,11/20 13:55
1451,→,brain9453,酸fuji 大的人一定沒看到他昨天泰金寶的庫存,11/20 13:55
1452,推,chiy16,換月 加空6226口.................,11/20 13:55
1453,推,jwiww,一次空6000的話我是真的會怕了,11/20 13:55
1454,→,brain9453,AAAAAAA 7個A 7a救命啊,11/20 13:56
1455,推,jjsobig,這次一定要讓傻多乒乒乓乓,11/20 13:56
1456,→,FuySenk,救命啊媽媽 https://i.imgur.com/PHkbzw9.jpeg,11/20 13:56
1457,推,allenJr,這個加空是在賭輝達市場負面反應嗎…單日六千口量,11/20 13:56
1458,→,aaaaaaa1,內資跳樓我要吃燒肉開趴!!,11/20 13:56
1459,推,IdolYang,NV財「爆」了是嗎,11/20 13:56
1460,→,allenJr,很大，一殺又是幾百點的…,11/20 13:56
1461,→,sunday0913,https://i.imgur.com/dIjvxK2.jpeg,11/20 13:56
1462,推,kapiobhee,加空結果進結算 這樣會算進未平倉嗎,11/20 13:56
1463,→,aaaaaaa1,B大羨慕 怎又賺百萬拉,11/20 13:56
1464,推,maykizuki,不是直接看那6000啦嫩耶,11/20 13:56
1465,→,FuySenk,明天開法會 超度多蛙,11/20 13:57
1466,推,Riyar,外資好帥 多娃都去公園 嘻嘻,11/20 13:57
1467,→,brain9453,7a烈火烤撐盤狗 我買傳慘要死透了嗎,11/20 13:57
1468,推,s881720,人家小兒要賣台股回美股MAGA去囉,11/20 13:57
1469,→,aaaaaaa1,大盤跌 傳產會撐拉 安心,11/20 13:57
1470,→,aaaaaaa1,大盤漲 傳產才要緊張,11/20 13:57
1471,→,aaaaaaa1,資金要有位置跑啊,11/20 13:58
1472,推,brandonhsu8,要看等等未平倉多少吧，可能結算掉1萬口空單 補空,11/20 13:58
1473,推,sfaa5566,https://i.imgur.com/VuoSn6x.jpeg,11/20 13:58
1474,→,brandonhsu8,6000 那今天也算淨多單？,11/20 13:58
1475,推,metallolly,那我要改叫FHJI大拔拔～,11/20 13:58
1476,→,sfaa5566,外資加空：-6226,11/20 13:58
1477,推,dtes50608100,看多蛙明天繼續被殺爆,11/20 13:59
1478,推,kapiobhee,月經題 等等看未平倉最準,11/20 13:59
1479,推,Riyar,天崩地裂 -500行情 3點啟動,11/20 13:59
1480,推,optimistdog,再下去不得了,11/20 13:59
1481,推,IdolYang,12月沒有聖誕禮物 只有剩菜禮物,11/20 13:59
1482,推,rxsmalllove,現在的確未平倉比較重要 不過也可以看做輝達公布財,11/20 13:59
1483,→,rxsmalllove,報前避險空單,11/20 14:00
1484,推,ARNOwww,搞不好一堆沒轉倉 等等看未平,11/20 14:00
1485,推,eliteark,丸了 小兒準備投核彈,11/20 14:03
1486,→,wing008021,長黑預備備了,11/20 14:21
1487,推,cat0203,噢耶，加空啊我要撿甜甜價台G,11/20 14:24
1488,推,s56565566123,空你幾哇,11/20 14:52
1489,推,Hsiencheng,未平倉 -41885口阿,11/20 15:41
1490,噓,yangjam,嗚嗚哇哇哇,11/20 19:15
